0-BDX,14,54,77,85,89,
-1.675623977,-1286.571793,-1048.418378,-2647.201991,-980.8055264,869.4377329,-5093.559955
-6.535969404,-1376.454663,-692.5554199,-2516.507182,-641.8693271,130.5111913,-5096.875401
-9.761712912,-1587.024354,-132.3631134,-2359.650139,-68.6395198,-1536.630312,-5684.307438
-11.35278426,-1628.860894,-156.3483422,-2342.560749,19.13160577,-2944.310338,-7052.948717
-11.30908633,-1464.025216,-561.0875402,-2444.895117,-383.0077745,-3280.660172,-8133.67582
-9.630495472,-1244.490035,-607.2715444,-2394.20963,-570.6557288,-2588.473197,-7405.100135
-2.836368008,-952.0811175,-208.6892411,-1893.198802,-101.187174,-1481.430765,-4636.5871
-0.497886343,-470.0151319,195.915748,-940.409098,610.5491505,-611.1564398,-1215.115771
0.865644263,15.56562753,479.8848949,82.05085921,856.4255814,-337.0231483,1096.903815
-0.185056683,115.6105062,739.5061713,676.0425892,545.0414258,-598.6306784,1477.570014
0.308902667,-166.6989112,806.1754961,625.4552616,229.2447873,-941.018021,553.1586128
0.908289574,-353.2314812,553.0917768,156.7968609,300.7549776,-828.8314615,-171.4193274
2.645499121,-176.6799785,294.3867605,-288.3035462,515.6280262,-156.2617587,188.7695033
2.682578185,42.89407789,312.9903785,-445.4519911,440.5183044,589.7280772,940.6788469
2.051965403,-49.48273314,389.2615416,-404.7555389,81.88880744,852.9692556,869.8813326
-2.941781243,-285.9056988,240.7346288,-418.3263967,-194.0827647,685.1461255,27.56589415
-2.134824789,-300.9722813,9.584237288,-565.6505575,-223.0512263,685.7389096,-394.3509182
0.777431302,-108.248833,-51.60353741,-647.583296,-204.4801634,1191.319939,179.4041092
10.42305825,38.36653764,23.77414981,-427.3694765,-296.7934289,1769.547557,1107.525339
14.07644051,130.1314432,114.3183943,50.3025824,-352.7254665,1780.922587,1722.94954
16.36568216,320.2800024,222.2762828,436.6726234,-200.3374527,1322.74368,2101.635136
16.87347008,497.3602399,287.5675215,419.7550766,27.6670897,1211.203136,2443.553064
16.74917165,398.5640276,179.554219,87.67503843,60.40378198,1867.404441,2593.601508
15.57550033,120.7899922,38.33775447,-93.29273926,-123.5057721,2558.190281,2500.519516
10.83493431,81.78964566,220.7887687,281.2292588,-291.4471475,2162.367364,2454.72789
9.452554869,400.564856,722.0675089,1109.891237,-296.5808777,641.4880168,2577.430741
8.91086005,703.6591264,1034.126367,1799.733932,-206.4550851,-698.1545732,2632.909767
12.92050423,685.4311575,797.3601949,1769.281742,-90.0220638,-643.9266959,2518.124335
11.27918582,511.1815853,261.1977142,980.2285872,83.9914992,493.4808935,2330.080279
7.697572023,454.8241713,-121.6239707,-14.50347598,251.189795,1239.420077,1809.306597
-2.652924625,443.2742261,-246.7693547,-561.6318854,196.1905877,663.735905,494.7994787
-6.491628915,260.0353025,-268.1245716,-472.5915144,-107.910086,-650.6002997,-1239.191169
-8.647122698,-13.15827192,-257.3303642,-132.211862,-288.4089047,-1459.8207,-2150.930103
-9.046258447,-114.3795058,-243.2510018,-73.22996421,1.945136572,-1344.318292,-1773.233627
-7.888111075,-63.34378102,-349.3837229,-455.0018382,529.2931223,-1012.696602,-1351.132822
-5.099534692,-141.3076833,-583.5629783,-951.7552104,703.2902853,-1242.391715,-2215.727302
5.956564591,-397.9001827,-679.2583895,-1123.707999,386.2865484,-1916.513436,-3731.093459
7.030239833,-523.0679025,-454.91477,-865.8038052,69.92330468,-2276.535004,-4050.398177
4.758576159,-327.0422054,-173.0383385,-482.2374345,78.50992567,-1883.700671,-2787.508724
-9.610977057,-50.11630048,-212.8878877,-338.2204889,64.33647837,-1031.379161,-1568.26736
-12.00690362,18.28735001,-495.6193635,-460.4568957,-309.5209197,-239.7616448,-1487.071474
-11.1817698,13.66841835,-575.5492695,-481.8594237,-619.6744641,362.476229,-1300.93851
-1.405682176,300.736955,-253.3997838,27.81172325,-260.9535882,988.7334783,802.9287846
1.566056944,886.7993256,229.4396613,1157.320972,496.672473,1686.162171,4456.394603
3.463318866,1325.237168,596.3409414,2522.402137,791.2544711,2142.71798,7377.952698
3.080159846,1258.460559,804.5022413,3498.457748,363.4306507,2070.861024,7995.712223
3.734696659,845.1269515,865.6002908,3626.759773,-294.4050704,1624.976844,6668.058789
4.220957504,539.2557041,717.3333782,2904.565632,-765.2850176,1271.25512,4667.124817
5.173942833,582.8696661,395.6491283,1771.678243,-875.0691378,1247.335198,3122.463098
4.849007195,839.6362604,101.4919425,812.7690174,-478.9056394,1285.549981,2560.541562
3.881117673,1039.12133,-19.78646248,388.7547027,5.203218204,974.6733097,2387.966098
-1.169344435,1041.493835,-3.323985513,468.1312526,-342.2361247,360.6060301,1524.671007
-0.842016453,888.2412188,67.58648452,772.1639611,-1290.263854,39.48313176,477.2109422
1.423444976,729.0361078,144.9574665,1069.08878,-1139.806355,525.0955834,1328.371583
9.796252135,730.8853331,183.9439936,1316.87496,666.5707112,1557.172242,4455.44724
12.8122634,956.1474236,216.7965176,1538.274885,2221.50156,2226.117136,7158.837522
14.64064938,1261.34729,364.3616284,1640.082267,1863.989683,1907.680353,7037.461221
15.15426274,1376.614585,544.3671925,1466.169086,509.5345704,942.4457373,4839.131171
14.7037119,1172.525974,402.3128331,1064.073042,-136.4812713,167.0987435,2669.529321
13.161805,841.1791562,-65.71685966,805.8802614,-19.29528026,-158.3915332,1403.655744
8.710957023,738.6585053,-138.2925815,1099.007067,-6.448811873,-584.4570202,1108.467159
6.350226537,1013.754017,702.441256,1912.757213,-180.8838278,-1485.98519,1962.083468
4.261982103,1425.544358,1696.742538,2657.36213,-176.8242273,-2258.71211,3344.112689
4.103136685,1562.113752,1575.126576,2645.464531,-95.53257794,-2008.827194,3678.345087
1.317616653,1229.560954,362.2844961,1726.441518,-58.68542855,-918.1771318,2341.424408
-2.437712354,606.4578019,-615.1575373,444.2840985,138.2454798,-283.1214058,290.7084371
-10.31983557,36.08814912,-651.4903537,-455.1114399,252.2807366,-948.5103871,-1766.743295
-13.64687299,-287.2363382,-454.3084154,-662.4868066,-312.3232773,-2206.693102,-3923.047939
-15.57585709,-416.3791305,-680.9857394,-460.3307922,-1163.915482,-2710.99459,-5432.605734
-14.95915239,-491.4181292,-901.7955951,-315.0035311,-1160.786173,-2147.063329,-5016.066757
-14.95285031,-553.8095482,-660.3950193,-407.0664713,-328.6356736,-1385.077692,-3334.984404
-14.40936152,-546.3651971,-444.6445233,-578.374851,159.1068056,-1113.938563,-2524.216329
-13.16827982,-461.2612496,-733.7507569,-644.4782234,73.00554487,-1098.635108,-2865.119793
-11.67107311,-422.6191825,-1006.463418,-635.810997,248.9268356,-1007.288732,-2823.255494
-9.75737929,-575.799896,-656.6937855,-699.2378037,577.858889,-1202.083109,-2555.955705
-6.911795908,-891.2741513,-138.8937537,-839.2698842,61.9649206,-2043.970858,-3851.443727
-4.552274693,-1111.959186,-210.1594349,-849.6191934,-979.8551274,-2846.786998,-5998.37994
-2.163454334,-945.2478629,-640.3254217,-520.0932953,-948.0937911,-2400.598576,-5454.358947
2.209019153,-350.0917311,-664.4664874,130.9903277,494.21374,-563.8982928,-953.2524436
3.189851105,353.5726976,-244.4510482,855.2781382,1831.58119,1384.273368,4180.254346
2.733358175,690.8105537,66.20945899,1376.806533,1936.018236,2178.87931,6248.724092
-1.190358086,410.8830703,129.3270582,1564.404233,1231.869472,1769.806476,5106.290309
-3.000101801,-275.75896,186.8089137,1429.03563,428.978335,907.5455994,2676.609518
-4.725804165,-821.3530039,139.2251064,1027.044196,-354.626006,225.0215037,215.3117962
-7.444325058,-749.3641882,-248.9214119,424.0063139,-957.1713957,76.1917228,-1455.258959
-8.195501534,-26.15366802,-653.1419275,-260.0037895,-1012.876687,551.4818771,-1400.694195
-8.056220966,908.9009056,-544.4474597,-837.054537,-714.8862466,1132.970585,-54.51675267
-8.013012687,1485.861618,-77.9934529,-1141.054123,-666.5930509,1027.96694,628.1879312
-5.354269223,1443.588966,152.7448394,-1143.962213,-823.1938234,365.9047591,-4.91747189
-1.066541587,1008.174604,83.21791546,-970.1788338,-573.417998,224.827216,-227.3770963
9.17274571,669.1061059,125.2935751,-790.0065413,56.48022084,927.4687636,988.3421242
13.4750488,749.5802555,323.5513168,-701.7477773,320.8262425,1464.789373,2156.99941
16.16292774,1141.04799,373.8075224,-705.6665984,29.81036287,1319.439123,2158.4384
17.48189948,1429.065097,322.5772603,-756.333981,-121.2614345,1377.443399,2251.490341
16.75525373,1294.516982,433.1543016,-807.4571743,217.2403744,2060.805472,3198.259956
14.22849857,826.8128293,575.9115811,-813.0136332,470.0034728,2266.089031,3325.803281
5.818250429,456.8239104,605.5293314,-731.1877105,229.3729013,1344.917036,1905.455469
2.752235214,556.2119874,956.2249695,-569.8625781,29.046658,395.1896659,1366.810703
0.947067219,1061.289986,1799.566728,-426.8385267,409.0209919,452.076529,3295.115708
3.689731738,1476.571537,2113.46016,-445.0441457,943.9632932,1052.600047,5141.550891
1.939438041,1280.241953,962.2816748,-690.8453023,916.5232467,1328.789817,3796.991389
-1.016823946,381.2972089,-767.1843677,-1073.930366,374.5468472,975.2039118,-110.0667658
-8.106381296,-786.5653406,-1481.101539,-1410.754164,-200.2269888,-11.12651133,-3889.774544
-11.28063006,-1626.931251,-1238.133172,-1584.634667,-704.5492996,-1162.343065,-6316.591455
-13.46688601,-1868.891557,-1252.595461,-1638.941029,-1099.569836,-1548.38663,-7408.384513
-16.1964083,-1732.658725,-1635.799244,-1701.332467,-909.3106836,-1025.554533,-7004.655653
-15.25970698,-1636.982051,-1616.54653,-1821.66793,-36.13884037,-560.5510234,-5671.886375
-12.1880235,-1762.167805,-1375.955542,-1907.401019,535.5886019,-671.9065197,-5181.842284
-0.535798801,-1916.251603,-1532.040847,-1834.889667,75.92107113,-854.6654708,-6061.926516
1.970315351,-1822.254986,-1519.049656,-1613.249906,-489.1180508,-883.7083749,-6327.380973
1.775901738,-1488.040401,-666.0616214,-1406.764756,-51.11594345,-1210.413266,-4822.395988
-6.046283077,-1229.148436,20.30733697,-1370.657739,511.8763763,-1865.71112,-3933.333582
-7.947542419,-1304.660308,-575.7849314,-1465.837549,-265.1336355,-2311.358369,-5922.774793
-8.855090483,-1577.444766,-1386.565648,-1457.413245,-1447.091515,-2394.504895,-8263.020069
-8.48180458,-1607.775108,-777.9111671,-1118.634721,-829.3595133,-2241.597231,-6575.27774
-7.618323104,-1110.233479,658.3541008,-448.2043494,1177.22142,-1377.470042,-1100.33235
-5.977489218,-279.3229897,1272.112323,308.2313378,1933.777972,717.4193589,3952.218002
-0.980769885,382.9291132,1162.787976,845.3348632,900.6273845,3150.751015,6442.430352
0.280016409,550.3892533,1473.823939,1006.477154,165.1464343,4047.601606,7243.438386
0.383441032,334.374785,1976.096045,828.0215664,487.2499463,2846.944829,6472.687172
-2.367953962,59.68616292,1660.367141,423.791982,427.3396442,1136.810864,3707.995795
-3.306791094,-139.6461148,805.3660928,-123.3755993,-416.2535634,591.079721,717.1705363
-4.130486603,-409.188894,366.068888,-735.7174066,-866.7420886,895.9430363,-749.6364649
-7.772978394,-865.2961553,188.7162758,-1240.966726,-789.7888927,607.4014243,-2099.934074
-6.166330588,-1312.719842,-312.7770978,-1375.200101,-951.6005455,-442.7616463,-4395.059233
-2.244436882,-1382.503716,-656.2871475,-963.8421162,-883.8988449,-804.0545761,-4690.586401
9.462782203,-950.7264512,-187.4337871,-137.8555135,57.7897748,368.8930139,-849.3329631
13.91246598,-327.6076681,492.7894526,653.7161671,744.4192648,1840.616032,3403.933248
16.57473971,31.71813226,541.6535794,918.3588428,168.6335468,1829.565794,3489.929895
17.94938138,-30.19767295,288.9989635,490.3362373,-497.0464323,427.4351516,679.5262472
16.6621181,-273.8382204,287.1990356,-319.1809427,-154.4524476,-568.5063518,-1028.778927
13.21277423,-371.5347356,173.6998878,-942.2383255,228.6098019,-176.0990073,-1087.562379
1.190580029,-216.9297565,-203.6721665,-978.0935376,-74.53822875,543.3535384,-929.8801509
-1.774470427,94.00495902,53.31991886,-477.2655536,-5.803341427,268.8918329,-66.85218425
-2.093100875,463.6310103,1182.802044,133.0713336,845.4198127,-567.1475526,2057.776648
6.503000033,828.0707046,1702.358358,392.1923896,1228.051315,-629.3394419,3521.333326
6.776610573,1015.559875,613.8167442,118.7375701,758.9223641,16.80271141,2523.839265
4.996086763,762.751574,-795.1743103,-536.808002,425.4764269,-68.62259256,-212.376904
-2.684267631,20.20134845,-987.0515388,-1276.453501,208.0696643,-1289.25623,-3324.490257
-5.687905196,-826.7702171,-557.6753018,-1867.353608,-651.0449357,-2206.336494,-6109.180557
-7.86047978,-1229.266721,-817.55592,-2216.150949,-1380.212586,-1830.776954,-7473.96313
-8.666884034,-1033.037454,-1379.131999,-2321.149332,-868.0904742,-1219.712266,-6821.121525
-9.577546264,-654.5149961,-1130.696667,-2225.874976,-121.0432794,-1554.919098,-5687.049017
-10.05731992,-609.1850168,-485.1489343,-2028.949015,-430.3694968,-1988.770384,-5542.422847
-11.58141017,-953.1561053,-608.3399364,-1879.468313,-659.2698127,-1226.032852,-5326.267019
-10.09167089,-1328.843239,-1214.627951,-1886.128261,525.0501905,-227.8826675,-4132.431928
-7.063272064,-1501.202212,-1097.325015,-2002.059803,1574.484029,-985.9001442,-4012.003145
0.822213015,-1612.936756,-307.1168049,-2030.586249,421.1981979,-3033.032106,-6562.473718
4.440634101,-1816.549143,17.71529472,-1786.271546,-1725.559139,-3725.129162,-9035.793695
7.110448322,-1871.870105,-345.6513067,-1251.079915,-1972.924532,-2107.342268,-7548.868127
8.509139042,-1377.80416,-500.0511977,-545.0370493,34.63683597,-42.16995346,-2430.425525
9.525313713,-376.5852221,-41.55619528,246.594195,2018.104856,825.3467448,2671.904378
9.836480693,534.3867423,526.1495719,1143.910076,2358.086471,761.5197203,5324.052581
8.567566787,810.219519,879.0659314,2106.807641,1440.157518,255.616043,5491.866652
8.126842162,519.4133415,1163.398359,2840.854361,267.2889814,-703.1923034,4087.76274
7.639252648,159.1746803,1272.441402,2912.120357,-609.201061,-1226.271172,2508.264207
8.539381645,32.7433066,889.3856705,2173.07066,-997.5385411,-260.4291932,1837.231903
6.884041641,4.610165935,232.8269509,1048.38437,-1039.712079,897.0170457,1143.126454
4.107828671,-162.3585585,-101.2426708,268.4586684,-1141.752148,55.46136449,-1081.433344
-5.881570144,-434.8722814,0.142576234,244.0068169,-1297.600062,-1665.505072,-3153.828022
-6.328315992,-547.9636816,162.3805945,754.1100134,-907.5304244,-1055.638514,-1594.642012
-3.324715797,-297.4393684,247.3559559,1307.601146,160.1204396,1500.105841,2917.744014
8.700628498,288.9552343,437.0951713,1726.603893,982.7963335,2430.059458,5865.51009
14.42837434,1011.56309,744.3897052,2212.232919,841.5701929,1568.52846,6378.284367
19.42991892,1648.3966,1004.377239,2835.316232,396.8782648,2389.72842,8274.696756
28.81641034,2033.409853,1169.729658,3205.77089,577.2784906,4564.099553,11550.28844
28.53417861,2040.049,1168.072074,2878.60828,884.6379687,3411.505026,10382.87235
23.69436412,1632.625054,819.8275853,2016.041352,196.2501373,-826.4752688,3838.26886
3.632793066,1075.634172,357.489526,1358.136633,-1016.119597,-993.2016962,781.9390378
-2.322122425,942.7961823,470.5943681,1421.750993,-961.0010112,5537.549973,7411.690505
-4.834570595,1528.747474,1199.506665,1931.000605,675.0242202,10933.02069,16267.29965
3.764090967,2228.638341,1457.262478,2210.352122,1878.901508,8051.964266,15827.11872
2.386939201,2029.073698,530.5025161,1951.598084,1094.834863,969.1682611,6575.177422
-1.297404366,837.7300415,-652.780636,1320.601168,-602.1956119,-2094.585917,-1191.230955
-13.05736723,-269.2466904,-878.8530263,475.2192685,-1312.127155,-778.1117332,-2763.119336
-17.02805652,-496.3108954,-533.358308,-547.7344895,-1023.054364,-418.8937758,-3019.351833
-18.97792667,-303.3351823,-704.5577585,-1437.380682,-946.6321604,-2164.544079,-5556.449862
-17.98557044,-359.009867,-1129.837851,-1681.996339,-1125.416891,-2612.119625,-6908.380573
-16.58330007,-426.9569999,-835.4744585,-1354.924437,-630.2487946,-857.6210932,-4105.225783
-13.84974077,-218.837453,-229.7465224,-1306.585358,381.6760709,557.7882973,-815.7049652
-6.062547576,-324.0619362,-454.5489866,-2015.404551,815.2390301,428.487271,-1550.289173
-3.456801201,-967.4826182,-1086.097341,-2631.877739,630.1736171,-372.4034645,-4427.687546
-2.310193991,-974.550296,-798.6000876,-1929.665696,699.3871851,-1636.387765,-4639.81666
-5.006610868,343.0225707,31.54575396,-68.66003569,813.4680647,-3288.201581,-2168.825227
-4.989216415,1583.810089,-97.65473902,1431.331763,0.278087657,-3702.809966,-785.0447654
-4.641936983,1507.604871,-949.4582084,1607.667705,-1136.213347,-1987.692346,-958.0913254
-3.501806934,1213.45511,-944.0739403,1163.680138,-806.0654891,-92.8692824,534.1265362
-2.841067934,1839.220267,-91.3649349,1305.960671,902.1113627,113.2357873,4069.163153
-2.196799055,2244.091021,248.5140579,2117.131868,1826.963724,-485.3804008,5951.32027
-0.805855466,1403.20372,94.71058394,2649.867908,1134.861733,-620.117205,4662.52674
-0.766226828,531.648071,507.4046398,2280.324699,319.6249059,-741.3975073,2897.604808
-1.314815389,560.7262483,1125.801764,1355.317959,144.1551008,-1148.700489,2037.300583
-3.621880692,478.3359767,833.3127681,551.945975,-552.0795125,-1071.850746,239.6644613
-4.468817556,-117.4705445,102.9575918,93.30793057,-2028.274464,-484.7323512,-2434.211837
-5.025934009,-179.6272208,86.27886893,-246.422375,-2555.240749,-224.6441535,-3119.655629
-7.904550151,170.1025175,376.252267,-652.5837738,-1298.123787,-575.2727222,-1979.625498
-5.923417944,-249.5542368,14.18243905,-1008.061473,392.3869738,-1449.494296,-2300.540593
-1.693906386,-937.3437214,-502.8149541,-1028.380126,1305.040064,-2419.316821,-3582.815558
9.867405969,-561.795663,-276.4664738,-525.0911404,1411.053154,-2158.830073,-2111.130196
14.78095336,282.0531053,274.0323174,413.1343914,676.2699297,-461.6924644,1183.797279
18.13010895,318.863666,427.2218924,1397.035999,-450.9477652,522.9873632,2215.161155
21.98291341,55.05507184,429.4392243,1938.941034,-409.7781227,44.82036002,2058.477568
20.65182835,346.2121199,459.5023083,1827.505873,796.8970339,213.591115,3643.70845
16.20484776,541.9851936,3.596827907,1361.626207,591.3389342,1139.925292,3638.472455
0.836362616,174.5682677,-687.1369603,1125.854903,-1491.472402,479.0368823,-399.1493093
-3.988888058,205.7923753,-417.4188652,1427.622181,-1809.470643,-704.6228037,-1298.097756
-6.076557411,972.0220526,722.023997,1950.150637,1151.803526,647.6963284,5443.696541
1.081260408,1231.553376,1001.228628,2029.453817,3255.761513,2603.619211,10121.61655
-0.41310494,445.8882183,-164.4889694,1314.439635,1435.896639,1362.845688,4394.581211
-4.051788218,-292.1140973,-1236.791276,129.7264409,-1248.266727,-1175.55982,-3823.00548
-16.16052371,-422.1911875,-1226.26204,-845.1884216,-1376.773609,-1613.660344,-5484.075602
-19.34469384,-700.0692951,-1062.333021,-1239.622463,-525.6504892,-1779.201926,-5306.877194
-19.93006916,-1229.733928,-1403.81546,-1295.127535,-855.7593398,-3313.275171,-8097.711434
-15.68836299,-1089.449835,-1443.661179,-1504.728363,-898.6198291,-2930.721499,-7867.180705
-12.7487121,-455.4579419,-860.1124659,-2003.400191,410.8795756,-27.50778791,-2935.598811
-8.882860933,-642.7150859,-601.5940459,-2383.409264,887.4468152,257.6793796,-2482.592201
1.104345494,-1475.393942,-796.3175706,-2137.848949,-250.9586117,-2661.08294,-7321.602013
2.924715694,-1229.326723,-314.7835918,-1254.18058,-244.187846,-2300.491772,-5342.970513
1.773379373,112.3960016,726.3361426,-313.8814968,1549.62554,2359.601938,4434.078125
-9.506643605,351.2424826,658.0482998,30.69101072,1439.955941,3770.018964,6249.956698
-11.23530635,-1172.842096,-693.1981344,-316.2577597,-1880.067242,-520.5632426,-4582.928475
-10.5696079,-2149.484797,-1422.034678,-792.3489575,-3997.745482,-3164.382372,-11525.99629
-2.654209396,-955.2523734,-762.5328882,-706.7341206,-1688.680051,114.2228517,-3998.976582
-0.843037868,922.9380506,-23.23690504,111.6005713,2042.240958,4100.626753,7154.169428
-0.280766543,1594.232104,174.5866379,1159.54018,3188.167728,3958.430529,10074.95718
-3.311579112,1389.435982,603.4375805,1720.98128,2169.028833,1937.970459,7820.854134
-3.490773466,1296.743817,1222.788848,1486.554086,1129.712524,1394.475221,6530.274496
-3.162538277,1149.10381,1136.133081,763.5243919,323.5032485,1726.157269,5098.4218
-0.59600117,809.040215,460.9581442,131.8229612,-487.8374551,1486.846271,2400.830136
-0.552881832,974.7250101,-32.38667427,-79.60547093,-885.0413857,1112.114429,1089.805908
-1.302305609,1607.29534,-234.456661,-1.269703141,-1202.713677,1198.58788,1367.443179
-7.523765258,1609.709437,-313.8773747,27.55626858,-1828.149644,1531.754966,1026.993653
-6.350453071,866.1168605,-269.9876061,-135.2272708,-1567.901122,2081.164932,974.1657936
-2.46185226,522.4185755,-125.3410286,-291.6559995,124.0021325,2753.678895,2983.102575
10.66404201,835.8476634,179.6592407,-145.5270919,1139.535539,2775.998528,4785.513879
15.08998307,916.1218403,469.313076,340.1050119,172.2308789,1897.381663,3795.15247
17.33799243,704.1530753,441.3958789,843.0714832,-599.0850139,1132.188829,2521.724253
17.01158312,965.3504225,646.0567462,949.249661,471.4024197,1105.187214,4137.246463
15.1994646,1399.222438,1285.290483,535.3083286,1170.000217,1008.561927,5398.383394
11.50517341,989.9675285,935.7304412,-96.08976498,-482.8644522,297.5614154,1644.305168
-0.168481247,80.35316713,-349.2754038,-460.2309181,-2176.219346,-63.22261193,-2968.595113
-3.055712777,-20.00142112,29.25010667,-298.379236,-876.3046942,687.2385805,-478.1966642
-3.253682076,677.7327897,2022.098622,206.6286476,2210.964926,1462.6973,6580.122285
5.999725669,855.9787274,2258.004585,584.0081578,3496.491064,832.6655491,8027.148083
6.107383424,38.97370672,340.4680922,451.5495742,2055.642445,-798.2941473,2088.339671
3.831441743,-919.1593634,-860.4206151,-206.6877114,80.60891882,-1985.880919,-3891.53969
-6.438275291,-1387.663292,-793.6336258,-1072.367819,-743.9940063,-2539.265,-6536.923743
-9.274886506,-1641.479178,-935.8389011,-1769.692885,-958.9523189,-3433.809764,-8739.773047
-10.28852693,-1975.910022,-1212.846874,-2132.556793,-1450.909946,-4696.759407,-11468.98304
-7.040421098,-2148.200868,-1024.422837,-2254.138825,-1760.694256,-5001.425721,-12188.88251
-6.238067561,-1922.299169,-794.168345,-2324.278654,-1184.51135,-3664.756725,-9890.014243
-5.442645614,-1635.021923,-744.3159209,-2435.470605,-330.6136202,-1735.58041,-6881.002479
-4.221236928,-1820.84157,-860.9224432,-2529.806147,-167.0869137,-534.3325974,-5912.989671
-3.764973143,-2334.826649,-1387.132321,-2500.028965,-306.4664616,-149.7008602,-6678.155256
-3.640887221,-2424.469271,-1558.095165,-2311.836291,120.7798498,-37.01963586,-6210.640513
-6.565616706,-1976.714184,-336.4807772,-2015.659926,592.0505109,-141.097274,-3877.90165
-5.068736669,-1827.841827,980.0986118,-1648.941521,133.0561494,-531.1817108,-2894.810298
-1.866833448,-2202.364986,447.5834614,-1154.280752,-550.349615,-693.9227882,-4153.33468
7.302298091,-2031.888634,-774.3082221,-428.2036118,-85.42912869,-230.0251059,-3549.854702
10.71755601,-748.4320684,-397.6491924,522.504726,1068.200405,320.3404333,764.9643035
12.64119812,603.8634428,832.3482087,1469.736751,1464.683645,384.3435173,4754.975565
12.4253853,993.1137029,1055.033085,2038.149405,1280.678877,483.8973574,5850.872427
11.8519346,661.4021357,896.9632381,1945.546125,1566.725052,1275.875571,6346.512122
10.27305997,82.74059463,1256.802346,1226.275873,1733.655659,2117.769666,6417.244139
4.919520344,-662.9350531,843.3478398,242.7649038,582.0479551,2018.560683,3023.786329
3.407286145,-1097.466817,-566.4362324,-542.4585488,-985.3764412,1356.079056,-1835.658983
2.967168719,-732.0727665,-636.3250008,-857.5030119,-1302.483636,959.5046931,-2568.879722
4.056178099,-288.8100085,920.1143389,-743.0816089,-1143.851927,261.4016478,-994.2275577
5.418386887,-712.6869477,1351.886804,-425.5485751,-2322.197099,-1437.880933,-3546.426751
7.510855795,-1325.819703,266.5968669,-82.42612251,-3924.211351,-2584.441886,-7650.302196
12.13783075,-857.0664406,104.3567,274.4196754,-3370.320214,-1080.402589,-4929.012868
14.33876707,317.0736433,968.4383497,707.4927086,-433.1847142,1890.253792,3450.073779
15.91795859,879.3622677,1154.465183,1183.550875,2868.332441,2812.901719,8898.612485
19.77108021,754.1090914,1044.342356,1534.615418,4946.014804,680.0718369,8959.153507
17.93642184,708.1533626,1076.285184,1612.244197,4484.41187,-2179.689858,5701.404755
13.30970253,620.0279359,15.1171786,1469.600309,445.3017455,-4023.02578,-1472.978611
-2.541239003,24.57739601,-1292.192424,1346.070473,-4579.501565,-4985.365247,-9486.411367
-6.426321666,-419.5172158,-494.0543139,1424.344687,-4907.639095,-4579.398632,-8976.26457
-6.777667318,130.9099879,1295.594985,1592.510399,506.8670683,-1945.406581,1580.475859
5.453608206,981.7792664,1436.485459,1485.115098,5236.936664,1159.592982,10299.90947
5.384925015,887.5983591,374.8788666,815.3030958,4215.752977,1718.063201,8011.596499
2.065201135,98.26873642,-346.4000022,-309.1962358,445.706596,-15.93779509,-127.5587007
-12.96823495,-310.775342,-650.8857012,-1423.493745,-1169.774018,-1326.665674,-4881.59448
-16.44100336,-415.6581097,-755.4575158,-2099.070618,-1091.692953,-1766.633688,-6128.512884
-16.81574803,-899.1992936,-895.601934,-2316.112834,-1686.802124,-2565.318801,-8363.034987
-9.962014389,-1322.09927,-1176.458381,-2424.663884,-2063.178578,-2748.577291,-9734.977404
-7.236373939,-963.5441309,-991.6659921,-2716.895504,-1167.992111,-1199.302791,-7039.400529
-4.50835142,-534.7939435,-724.3927557,-3061.275214,-984.938775,-374.8238318,-5680.22452
0.638956706,-878.049587,-1297.290069,-3018.461301,-2190.966675,-1809.813508,-9194.58114
1.561350145,-1036.620952,-1253.491491,-2353.287192,-1557.798202,-1324.509682,-7525.707519
0.675745729,-94.6212376,619.6316185,-1394.428066,2091.136274,3900.996077,5122.714666
-6.666613986,437.3267086,1758.258153,-799.1210385,4345.179446,8070.74182,13812.38509
-7.679297814,-952.0694411,228.2683759,-896.520033,2041.798164,5320.618036,5742.095102
-7.011057624,-2453.204177,-1586.94327,-1274.900641,-1205.914686,75.97350577,-6444.989269
-1.133854341,-1433.752585,-1331.333173,-1091.379455,-971.9214424,-472.843242,-5301.229897
0.252572831,1175.889726,36.94658784,134.1844721,1046.909102,2215.208144,4609.138032
0.676260633,2478.762321,770.9889066,1996.046167,943.7352694,3171.61075,9361.143414
-2.333275863,2097.413813,739.6038321,3471.872162,-634.2444782,2794.833123,8469.478452
-1.979859397,1658.31864,1014.115173,3746.274919,-618.9964599,2908.829834,8708.542107
-0.733985171,1418.744017,1955.66157,2830.971709,823.7880613,2469.051011,9498.216369
4.066684017,678.0817011,2169.331581,1453.452549,1234.270795,1923.115546,7458.252172
5.102995481,-42.76602358,872.316436,400.8014341,53.10924719,2958.200307,4241.661401
5.037268333,-35.50776221,-195.0565204,-25.44280526,-1395.200884,3543.485642,1892.27767
0.278477396,55.884012,136.7010178,4.648869744,-2137.773923,1910.587317,-29.95270647
0.704103811,-192.331265,438.4264081,263.1582936,-1897.635476,1232.338473,-156.0435663
2.723096772,87.32184735,94.13138523,758.7688038,-1054.014578,3056.162872,2942.37033
10.71821801,1102.070028,440.1306868,1611.688317,-700.9215952,3886.294833,6339.26227
12.63888012,1800.562442,1318.688059,2717.111285,-805.3744382,2775.242722,7806.23007
12.86781208,2040.780662,1253.93162,3642.76518,634.1654035,2872.456155,10444.09902
11.29686066,2582.636112,612.2973573,3937.431312,3953.221895,4269.556407,15355.14308
8.225260855,2820.516412,411.1367956,3560.338763,5368.462863,4001.961863,16162.4167
3.544820143,1681.520177,112.3292394,2977.542418,1924.008767,1710.892829,8406.29343
-8.303045542,256.0602877,-469.483365,2782.863923,-3035.028386,-659.6506745,-1125.238215
-12.03064608,230.5725137,-329.2296884,3169.930735,-3830.94215,-2000.814533,-2760.483123
-13.19661064,858.1440059,279.509948,3739.169206,-577.8408073,-2215.451569,2083.530784
-6.141814533,600.2435979,82.03464103,3819.248071,1461.945309,-2017.647036,3945.824583
-6.427528088,-71.69787921,-706.6213065,3017.447061,47.45604305,-2555.362077,-268.7781586
-8.394676741,-212.7087147,-1125.203469,1526.55785,-1564.89901,-3663.285385,-5039.538729
-16.02470592,-369.0204701,-1318.156055,-41.47899272,-811.7794764,-4200.763617,-6741.198611
-18.36760637,-996.1918655,-1584.003067,-1109.112181,447.2606678,-4268.439157,-7510.485602
-19.40487779,-1432.380069,-1572.742802,-1485.621019,130.0851596,-4750.971788,-9111.630519
-17.42175151,-1447.371954,-1338.770077,-1385.266447,-417.6701887,-5568.681853,-10157.76052
-17.13311697,-1474.817023,-1282.200551,-1188.413497,427.405838,-6257.908734,-9775.933967
-16.82426286,-1464.036535,-1269.428164,-1183.941291,1250.108274,-6691.17007,-9358.467786
