0-BDX,2-BDX,53-BDX,54-BDX,70-BDX,72-BDX,,,,,,,,,,,0.20556           0     0.21829           0     0.11415
-1.675623977,-4810.917609,-17109.99855,-1048.418378,-3324.246591,-1546.29739,,0.099100382,0.374477201,0.176178922,0.260882862,0.150850143,0.112907311,0.262426322,,,0.099100382
-6.535969404,-4640.189136,-19438.48612,-692.5554199,-3477.369777,-1533.166843,,0.119776513,0.274770607,0.17953305,0.241062119,0.242242256,0.101295841,0.262747586,,,0.119776513
-9.761712912,-4126.886582,-21637.71403,-132.3631134,-4307.446906,-1364.352899,,0.153725792,0.208596731,0.189617381,0.222341671,0.38610988,0.038350342,0.26687794,,,0.153725792
-11.35278426,-4169.206937,-21238.54738,-156.3483422,-4701.667428,-1197.42864,,0.152676453,0.175957012,0.188785957,0.22573949,0.379950035,0.008456243,0.270962059,,,0.152676453
-11.30908633,-4889.0529,-18488.74134,-561.0875402,-3712.703555,-1167.852941,,0.127161981,0.176853445,0.174643877,0.249146615,0.276005611,0.083450268,0.271685684,,,0.127161981
-9.630495472,-5319.038173,-14589.85696,-607.2715444,-2106.360951,-1255.82724,,0.122590698,0.211288565,0.166196395,0.282335018,0.264144714,0.20526068,0.269533226,,,0.122590698
-2.836368008,-4774.273843,-9195.866957,-208.6892411,-1273.796684,-1295.323566,,0.147025248,0.350665347,0.176898824,0.328250183,0.366507936,0.268394781,0.268566873,,,0.147025248
-0.497886343,-3649.911968,-1489.412003,195.915748,-1352.524117,-1134.033377,,0.174698874,0.398637666,0.198988015,0.393849701,0.470417893,0.262424809,0.272513144,,,0.174698874
0.865644263,-2594.037607,6702.228238,479.8848949,-1464.024215,-787.7292589,,0.195849693,0.426609545,0.219731701,0.463579254,0.54334636,0.253969655,0.280986132,,,0.195849693
-0.185056683,-1757.503444,11109.02683,739.5061713,-1048.026035,-424.8470126,,0.21479606,0.405055148,0.236166235,0.501091166,0.61002185,0.285515174,0.289864735,,,0.21479606
0.308902667,-1230.806832,9539.552907,806.1754961,-313.5942412,-199.1969261,,0.221290844,0.415188379,0.246513706,0.487731362,0.627143751,0.341207801,0.295385693,,,0.221290844
0.908289574,-1368.96198,5060.026163,553.0917768,54.66085006,-120.4814211,,0.206764667,0.427484383,0.243799512,0.449600366,0.562147226,0.369132917,0.297311617,,,0.206764667
2.645499121,-2128.793871,3012.873441,294.3867605,-384.9414619,-101.6115826,,0.189245616,0.463122025,0.22887187,0.432174425,0.495707049,0.335797476,0.297773303,,,0.189245616
2.682578185,-2751.293563,5020.32212,312.9903785,-1080.50827,-98.70657422,,0.187782744,0.463882676,0.216642254,0.449262394,0.500484798,0.283052016,0.29784438,,,0.187782744
2.051965403,-2667.791695,7551.965567,389.2615416,-1113.182745,-143.7029644,,0.192270117,0.450946095,0.21828273,0.470812458,0.520072627,0.280574281,0.296743458,,,0.192270117
-2.941781243,-2184.928725,7083.897378,240.7346288,-556.7344327,-222.6092003,,0.185673201,0.348502868,0.227769046,0.466828129,0.481928201,0.32277026,0.294812867,,,0.185673201
-2.134824789,-1761.345185,5240.44398,9.584237288,-111.8721755,-184.3207491,,0.174532258,0.365057016,0.23609076,0.451136134,0.422564555,0.356504567,0.295749667,,,0.174532258
0.777431302,-1155.684451,7012.358265,-51.60353741,25.72567563,145.016905,,0.174467741,0.424799917,0.247989558,0.466219168,0.406850416,0.366938737,0.303807538,,,0.174467741
10.42305825,49.5095886,13963.13694,23.77414981,-86.93644035,736.7469856,,0.185213209,0.622673221,0.271666776,0.525386157,0.426208784,0.358395467,0.318285337,,,0.185213209
14.07644051,1427.584035,21055.49313,114.3183943,-175.0630881,1302.733856,,0.197435194,0.697619808,0.298740399,0.585758293,0.449462201,0.351712743,0.332133281,,,0.197435194
16.36568216,1936.268017,21559.40306,222.2762828,551.1854306,1520.931059,,0.206151092,0.744582002,0.308733994,0.590047717,0.47718776,0.406784825,0.33747189,,,0.206151092
16.87347008,1180.986115,14502.19263,287.5675215,1714.088453,1328.522538,,0.206223847,0.754998917,0.293895741,0.529974751,0.493955744,0.494968813,0.33276425,,,0.206223847
16.74917165,-12.74881725,5841.7342,179.554219,1557.733448,979.6699315,,0.194373407,0.752449022,0.270443649,0.456254486,0.466215953,0.483112271,0.324228909,,,0.194373407
15.57550033,-407.8559837,2069.599316,38.33775447,398.9254117,814.6655778,,0.184400238,0.728371974,0.262681381,0.42414501,0.429948984,0.39523881,0.320191764,,,0.184400238
10.83493431,475.6804837,3824.549326,220.7887687,303.1135751,965.0778575,,0.198616783,0.631122571,0.280039321,0.439083639,0.476805739,0.387973312,0.323871886,,,0.198616783
9.452554869,1997.079217,6479.532762,722.0675089,787.6623099,1243.704634,,0.233641136,0.602764022,0.30992869,0.461683607,0.605543283,0.424717081,0.330689019,,,0.233641136
8.91086005,2964.51475,5933.148144,1034.126367,375.3593649,1292.81986,,0.255179517,0.591651531,0.328934909,0.457032627,0.685685702,0.393451776,0.331890716,,,0.255179517
12.92050423,2538.218974,2252.214511,797.3601949,157.5034775,882.3587237,,0.239038261,0.673906582,0.32055991,0.425699482,0.624879821,0.376931567,0.321848005,,,0.239038261
11.27918582,826.837953,-2225.17827,261.1977142,631.0852355,136.0678714,,0.199984929,0.640236081,0.286938153,0.387586651,0.487183495,0.4128437,0.303588582,,,0.199984929
7.697572023,-1214.975785,-6388.464884,-121.6239707,247.4429235,-535.8069207,,0.168401421,0.566761774,0.246824722,0.352147581,0.388867889,0.383751756,0.28714989,,,0.168401421
-2.652924625,-2547.313372,-10578.39211,-246.7693547,-425.6001623,-799.9256309,,0.155267458,0.35442856,0.220649645,0.316481739,0.356728266,0.33271429,0.280687724,,,0.155267458
-6.491628915,-2860.92908,-14355.91166,-268.1245716,45.9733483,-723.5196539,,0.153017146,0.275680221,0.214488357,0.284326427,0.351243856,0.368474136,0.282557142,,,0.153017146
-8.647122698,-2686.778382,-16212.01613,-257.3303642,236.6267379,-677.4544009,,0.154454229,0.231461771,0.217909718,0.268526742,0.354016006,0.382931555,0.283684216,,,0.154454229
-9.046258447,-2683.863577,-16087.52713,-243.2510018,-489.6037749,-888.5303147,,0.154665788,0.223273779,0.217966982,0.269586427,0.357631844,0.327860839,0.278519843,,,0.154665788
-7.888111075,-2872.81894,-16605.89233,-349.3837229,-148.0556016,-1169.968983,,0.147166785,0.247032364,0.214254769,0.265173957,0.330375021,0.353760745,0.271633911,,,0.147166785
-5.099534692,-2664.349382,-20250.88204,-583.5629783,597.3459281,-1174.528864,,0.134867648,0.304238062,0.218350358,0.234146776,0.270233507,0.410285217,0.271522345,,,0.134867648
5.956564591,-1638.269337,-25696.85748,-679.2583895,-807.2645853,-847.9349255,,0.134558773,0.531046222,0.238508705,0.187789097,0.245657177,0.303772332,0.279513086,,,0.134558773
7.030239833,-168.9427359,-28392.12062,-454.91477,-2595.071109,-496.8684616,,0.154049931,0.55307192,0.267375066,0.164846257,0.303272719,0.168201347,0.288102593,,,0.154049931
4.758576159,835.9841364,-25193.69767,-173.0383385,-1470.457018,-408.5622288,,0.174157122,0.506470325,0.287117839,0.192072135,0.375663739,0.25348185,0.290263173,,,0.174157122
-9.610977057,819.9426649,-17488.91111,-212.8878877,920.8108021,-547.3847851,,0.171470622,0.211688971,0.286802689,0.257657452,0.365429646,0.434813851,0.286866616,,,0.171470622
-12.00690362,137.0089373,-9122.889466,-495.6193635,1432.243052,-691.7489297,,0.15245928,0.16253821,0.273385787,0.328871388,0.292819035,0.473596221,0.283334473,,,0.15245928
-11.1817698,-295.6626998,-1965.674613,-575.5492695,1096.972144,-735.3918878,,0.146109137,0.179465255,0.264885528,0.38979562,0.272291574,0.448172325,0.282266665,,,0.146109137
-1.405682176,128.648974,5418.369105,-253.3997838,2026.069203,-706.5778474,,0.165963141,0.380014868,0.273221547,0.452650683,0.355025451,0.518626595,0.282971655,,,0.165963141
1.566056944,1193.373597,14660.39569,229.4396613,3355.724878,-564.4336768,,0.197728344,0.440978022,0.294139105,0.53132142,0.479027446,0.619455587,0.286449482,,,0.197728344
3.463318866,2157.218761,23987.7005,596.3409414,3654.803157,-195.7443386,,0.223219276,0.479899026,0.313074788,0.61071807,0.573254402,0.642134964,0.295470167,,,0.223219276
3.080159846,2474.154816,28555.24646,804.5022413,3181.106043,319.4749853,,0.237607856,0.472038786,0.319301307,0.649598309,0.626714029,0.606214083,0.308075986,,,0.237607856
3.734696659,2191.09999,24916.62471,865.6002908,2478.874332,621.080499,,0.240732322,0.485466152,0.313740418,0.618625335,0.642405125,0.552963217,0.315455337,,,0.240732322
4.220957504,1710.662719,15362.05378,717.3333782,1868.120321,430.999129,,0.229949262,0.495441454,0.304301757,0.537294132,0.604327471,0.506649189,0.310804636,,,0.229949262
5.173942833,1292.633044,7162.257869,395.6491283,1750.486118,-52.94972956,,0.208875564,0.514991282,0.296089154,0.467495156,0.521713076,0.497728881,0.298963908,,,0.208875564
4.849007195,881.1708133,6214.572359,101.4919425,1827.235453,-321.2139035,,0.189973964,0.508325455,0.288005576,0.459428189,0.446168133,0.503548852,0.292400316,,,0.189973964
3.881117673,413.3821696,11080.54368,-19.78646248,1783.804417,-152.7623384,,0.181756329,0.488469877,0.27881541,0.50084871,0.415021622,0.500255437,0.296521803,,,0.181756329
-1.169344435,193.4090877,14649.22826,-3.323985513,2169.190262,131.5973089,,0.182585072,0.384863172,0.274493823,0.53122636,0.419249487,0.529479594,0.303479202,,,0.182585072
-0.842016453,818.9941407,12719.91869,67.58648452,2552.311603,160.1737461,,0.189166565,0.391578077,0.286784054,0.514803532,0.437460592,0.558532032,0.304178378,,,0.189166565
1.423444976,2622.974973,9501.033924,144.9574665,1781.439534,115.8374683,,0.200665468,0.438052437,0.322225025,0.487403477,0.457330875,0.500076106,0.303093607,,,0.200665468
9.796252135,5148.411054,12376.8493,183.9439936,1001.678571,555.9712198,,0.214279125,0.609814731,0.371839691,0.511883229,0.467343327,0.440946127,0.313862315,,,0.214279125
12.8122634,7238.397991,21773.1775,216.7965176,1827.802971,1545.534633,,0.227324875,0.671686097,0.412899532,0.591867425,0.475780456,0.503591887,0.338073863,,,0.227324875
14.64064938,7797.475019,29225.50135,364.3616284,3070.552822,2248.154024,,0.239817638,0.709194159,0.423883148,0.655303708,0.513677874,0.597830732,0.35526478,,,0.239817638
15.15426274,6645.964722,26688.13228,544.3671925,3329.755061,1736.079186,,0.243828442,0.719730579,0.4012606,0.633704907,0.559906593,0.617486273,0.342735897,,,0.243828442
14.7037119,4734.986843,15546.47798,402.3128331,3014.394291,243.3438627,,0.223978351,0.710487843,0.363717568,0.538864002,0.523424437,0.59357218,0.306213293,,,0.223978351
13.161805,3482.102646,4560.595979,-65.71685966,3071.911705,-706.2942243,,0.19002828,0.678856699,0.33910343,0.445349076,0.403225857,0.597933778,0.282978595,,,0.19002828
8.710957023,3713.27719,385.9534241,-138.2925815,4452.012246,265.8173596,,0.189608211,0.58755066,0.34364508,0.409813341,0.384587085,0.70258805,0.30676315,,,0.189608211
6.350226537,5036.583769,2272.188077,702.441256,5343.704805,2829.695909,,0.2492452,0.539121922,0.369642735,0.425869502,0.600502902,0.770205903,0.369493306,,,0.2492452
4.261982103,6139.392223,5078.587543,1696.742538,2820.563229,5033.057537,,0.31559396,0.496283045,0.391308487,0.449758366,0.855857647,0.578873796,0.423402732,,,0.31559396
4.103136685,5774.399375,4638.556519,1575.126576,651.7056508,5072.031867,,0.307410919,0.493024442,0.384137845,0.446012698,0.824624445,0.414407364,0.424356313,,,0.307410919
1.317616653,3676.145222,-259.7888289,362.2844961,2476.957434,2914.257465,,0.224917858,0.435881443,0.342915587,0.404316601,0.513144428,0.552817857,0.371562265,,,0.224917858
-2.437712354,735.3461803,-8597.964613,-615.1575373,2655.406917,134.1848432,,0.150480956,0.35884349,0.285140708,0.333339696,0.262119447,0.566349843,0.303542511,,,0.150480956
-10.31983557,-1647.91248,-17871.48687,-651.4903537,-140.9461994,-1686.452361,,0.133734638,0.197147234,0.238319256,0.254400859,0.252788516,0.354299858,0.258997165,,,0.133734638
-13.64687299,-2503.766184,-24933.24716,-454.3084154,345.5632812,-2206.595669,,0.139879818,0.128895384,0.221505172,0.194289163,0.303428442,0.391192312,0.246270871,,,0.139879818
-15.57585709,-1839.799128,-27827.21575,-680.9857394,1878.181253,-2115.69677,,0.130107346,0.089323621,0.234549455,0.169654886,0.245213561,0.507412118,0.248494885,,,0.130107346
-14.95915239,-475.4928304,-27258.1806,-901.7955951,24.61823788,-2098.21776,,0.123287024,0.101974888,0.261352589,0.174498674,0.188505554,0.366854759,0.248922543,,,0.123287024
-14.95285031,607.6455272,-25846.03078,-660.3950193,-1546.202221,-2265.5718,,0.140726922,0.10210417,0.282631904,0.186519292,0.250501635,0.247738023,0.244827908,,,0.140726922
-14.40936152,874.2458331,-25899.84562,-444.6445233,-1919.299754,-2421.18535,,0.153464114,0.113253464,0.287869528,0.186061204,0.305910306,0.2194457,0.241020527,,,0.153464114
-13.16827982,411.0987076,-28070.2408,-733.7507569,-2763.570619,-2487.756571,,0.135200257,0.138713388,0.278770549,0.167586188,0.23166254,0.155423877,0.239391736,,,0.135200257
-11.67107311,-328.6514791,-31617.22742,-1006.463418,-2302.821486,-2535.434127,,0.116791164,0.169427539,0.264237431,0.137393238,0.161624944,0.1903629,0.238225214,,,0.116791164
-9.75737929,-910.8879455,-34977.58808,-656.6937855,-1974.89834,-2595.478942,,0.133880532,0.208685632,0.252798826,0.1087889,0.251452179,0.215229609,0.236756104,,,0.133880532
-6.911795908,-1131.560229,-35785.52285,-138.8937537,-3680.660801,-2638.865053,,0.161896506,0.267060789,0.248463502,0.101911531,0.384432693,0.085880099,0.23569458,,,0.161896506
-4.552274693,-980.8795254,-31235.45605,-210.1594349,-4813.181899,-2670.287686,,0.158422044,0.315464719,0.251423772,0.140642983,0.366130363,0,0.234925766,,,0.158422044
-2.163454334,-510.5924034,-19705.73976,-640.3254217,-4201.565207,-2697.934759,,0.136128573,0.364469701,0.260663024,0.238787181,0.255655874,0.046379447,0.234249328,,,0.136128573
2.209019153,217.4062956,-2741.918453,-664.4664874,-1980.39777,-2643.52331,,0.137867139,0.454167943,0.274965271,0.383188013,0.249456007,0.214812582,0.235580607,,,0.137867139
3.189851105,1069.724028,14615.25796,-244.4510482,864.0556542,-2408.057287,,0.165513223,0.474289026,0.291709888,0.530937195,0.35732365,0.430510057,0.24134173,,,0.165513223
2.733358175,1785.860164,26056.84174,66.20945899,948.5296451,-2016.364224,,0.186915141,0.464924392,0.305779084,0.628331184,0.437106947,0.436915796,0.250925245,,,0.186915141
-1.190358086,2051.352394,27572.48232,129.3270582,-558.0090517,-1600.696119,,0.192686657,0.384432092,0.310994939,0.641232744,0.4533167,0.322673605,0.261095354,,,0.192686657
-3.000101801,1689.243181,20033.47574,186.8089137,-212.4503113,-1275.196516,,0.195355874,0.347306463,0.303880949,0.577058593,0.468079091,0.348877636,0.26905932,,,0.195355874
-4.725804165,826.2781033,8970.36792,139.2251064,-397.8429632,-1125.057104,,0.189622587,0.311904883,0.286927155,0.482886298,0.4558587,0.334819144,0.272732766,,,0.189622587
-7.444325058,-113.9726662,1285.389276,-248.9214119,-1874.711247,-1215.598812,,0.16381275,0.256136325,0.268455007,0.417469592,0.356175579,0.222826887,0.270517491,,,0.16381275
-8.195501534,-612.0083518,674.6510998,-653.1419275,-1151.480771,-1389.854953,,0.138653839,0.240726464,0.258670608,0.412270817,0.252364361,0.277670107,0.266253984,,,0.138653839
-8.056220966,-324.6217831,5124.665769,-544.4474597,208.4193077,-1144.135282,,0.146594204,0.243583707,0.264316599,0.450150597,0.280279088,0.38079256,0.272265982,,,0.146594204
-8.013012687,737.237133,9174.639506,-77.9934529,-626.4822691,-95.30129119,,0.179961543,0.244470095,0.285177858,0.484625116,0.400073003,0.317481219,0.297927697,,,0.179961543
-5.354269223,2214.536243,9725.723358,152.7448394,-1087.076033,1388.096307,,0.203005872,0.299012361,0.314200846,0.489316097,0.459330814,0.282553977,0.334221835,,,0.203005872
-1.066541587,3564.097092,9766.867965,83.21791546,263.7222307,2580.281683,,0.207887887,0.386972101,0.340714291,0.489666332,0.441475029,0.384986231,0.363390914,,,0.207887887
9.17274571,4288.498863,14950.03085,125.2935751,1385.028119,3689.591637,,0.216270316,0.597023932,0.354945874,0.533786876,0.452280828,0.47001587,0.390532288,,,0.216270316
13.4750488,4143.485337,25311.94332,323.5513168,1724.367415,5931.248766,,0.233059906,0.685282677,0.352096941,0.621990398,0.50319704,0.495748276,0.445378686,,,0.233059906
16.16292774,3261.150829,31810.29774,373.8075224,1678.536144,9373.103308,,0.241926812,0.740422637,0.334762615,0.677306224,0.516103752,0.492272849,0.529590192,,,0.241926812
17.48189948,2137.538637,24535.68418,322.5772603,1109.290946,11436.05989,,0.240278797,0.767480422,0.312688153,0.615382661,0.502946884,0.449106471,0.580064341,,,0.240278797
16.75525373,1445.999944,6005.102266,433.1543016,400.6608838,9488.610904,,0.238246089,0.752573791,0.299102197,0.457645121,0.53134509,0.395370413,0.532416304,,,0.238246089
14.22849857,1701.440254,-6702.269071,575.9115811,-402.4953884,5198.525818,,0.235298998,0.700739173,0.304120573,0.349476391,0.568007769,0.334466346,0.427451228,,,0.235298998
5.818250429,2915.239501,2003.721552,605.5293314,-1192.558317,3812.532698,,0.2379903,0.528208803,0.327966848,0.423584239,0.575614148,0.27455516,0.393540274,,,0.2379903
2.752235214,4460.573129,27108.38335,956.2249695,-849.4836524,7322.372476,,0.273693937,0.465311641,0.358326441,0.637282202,0.665679199,0.300570822,0.479415168,,,0.273693937
0.947067219,5305.403603,44486.74097,1799.566728,25.59070536,10577.11783,,0.333474357,0.42827988,0.374923964,0.785211685,0.882264778,0.366928502,0.559048693,,,0.333474357
3.689731738,4552.405753,35466.10905,2113.46016,-388.4400214,7452.174773,,0.339302923,0.484543728,0.360130583,0.708425521,0.962878349,0.335532177,0.482591028,,,0.339302923
1.939438041,1986.047223,7308.650811,962.2816748,-765.7087906,-495.2705053,,0.24220642,0.448637674,0.309711955,0.468741294,0.667234672,0.306923546,0.28814169,,,0.24220642
-1.016823946,-1735.757809,-16121.78895,-767.1843677,646.612539,-5944.682528,,0.115001179,0.387992023,0.236593449,0.269294781,0.223076178,0.414021149,0.154811479,,,0.115001179
-8.106381296,-5404.253563,-22535.28772,-1481.101539,1370.23551,-6030.58153,,0.059923505,0.242554703,0.164522255,0.21470127,0.039729198,0.468894133,0.152709797,,,0.059923505
-11.28063006,-7907.019999,-21694.61655,-1238.133172,-597.7751058,-5158.260825,,0.065873581,0.177437205,0.115352957,0.221857301,0.102127916,0.319658109,0.174052779,,,0.065873581
-13.46688601,-8778.314105,-25828.66722,-1252.595461,-2786.759341,-6656.771419,,0.05735897,0.132587691,0.09823553,0.186667095,0.098413736,0.153665455,0.137388873,,,0.05735897
-16.1964083,-8307.541753,-30926.61118,-1635.799244,-3085.339792,-8031.205107,,0.033938764,0.076593446,0.107484314,0.143271958,0,0.131023829,0.103760743,,,0.033938764
-15.25970698,-7194.19015,-27453.80427,-1616.54653,-2278.661999,-7140.177787,,0.042002825,0.09580922,0.129357197,0.17283347,0.004944449,0.192194936,0.125561418,,,0.042002825
-12.1880235,-6061.68917,-20861.35165,-1375.955542,-1563.413038,-6465.155536,,0.061949354,0.158822662,0.151606289,0.228950286,0.066732612,0.246432911,0.142077119,,,0.061949354
-0.535798801,-5196.35097,-24635.32305,-1532.040847,-2086.864046,-7474.935869,,0.053873471,0.397859918,0.168606706,0.196825177,0.026647053,0.206739148,0.117370926,,,0.053873471
1.970315351,-4631.712779,-35697.74273,-1519.049656,-3739.94591,-7265.511208,,0.05746692,0.449271101,0.179699576,0.10265874,0.029983428,0.081384455,0.122494898,,,0.05746692
1.775901738,-4384.125242,-36694.55057,-666.0616214,-3915.070653,-4818.734251,,0.113119624,0.445282841,0.184563676,0.094173631,0.249046348,0.068104588,0.182359942,,,0.113119624
-6.046283077,-4546.129179,-24949.52889,20.30733697,-2232.617314,-3927.152396,,0.153433914,0.28481618,0.18138095,0.194150569,0.425318443,0.195686546,0.204174184,,,0.153433914
-7.947542419,-5137.452002,-16655.31139,-575.7849314,-2150.143286,-6088.327888,,0.111592514,0.245813172,0.169763834,0.264753288,0.272231052,0.201940626,0.151296923,,,0.111592514
-8.855090483,-5899.364294,-16341.25469,-1386.565648,-3800.663141,-7368.43008,,0.059487327,0.227195457,0.15479532,0.267426627,0.064007743,0.076780213,0.119976792,,,0.059487327
-8.48180458,-6309.750859,-8216.564323,-777.9111671,-3284.158921,-5535.769281,,0.097070138,0.234853157,0.146732874,0.336586283,0.22032134,0.115947195,0.164816318,,,0.097070138
-7.618323104,-5896.140688,11632.02124,658.3541008,-835.1449361,-3336.920765,,0.185399898,0.252566876,0.154858651,0.505543042,0.589180515,0.30165814,0.218615322,,,0.185399898
-5.977489218,-4621.129695,22768.35799,1272.112323,-286.5604691,-2423.998554,,0.22750645,0.286227438,0.179907491,0.600338682,0.746804846,0.343257796,0.240951697,,,0.22750645
-0.980769885,-3003.680373,15460.67515,1162.787976,-1425.831117,-1018.888734,,0.231833911,0.388731647,0.211683868,0.538133624,0.718728355,0.256865873,0.275330376,,,0.231833911
0.280016409,-1835.195534,11391.28928,1473.823939,-1389.377339,1062.346874,,0.259802372,0.414595798,0.234639897,0.503493864,0.798608076,0.259630196,0.326251757,,,0.259802372
0.383441032,-1675.637154,30110.87818,1976.096045,-518.4445767,1694.251816,,0.29036939,0.416717482,0.237774578,0.662840285,0.927600734,0.325673814,0.341712511,,,0.29036939
-2.367953962,-2480.804012,54713.18933,1660.367141,-514.1312361,1111.1578,,0.267789226,0.360274534,0.221956286,0.872262098,0.84651578,0.326000899,0.327446009,,,0.267789226
-3.306791094,-3590.400973,51498.98222,805.3660928,-808.5423756,1433.202407,,0.21627554,0.341014946,0.200157167,0.84490186,0.626935882,0.303675436,0.335325442,,,0.21627554
-4.130486603,-4040.540189,15839.37157,366.068888,-594.9286584,2281.234128,,0.19219877,0.324117407,0.191313741,0.541357195,0.514116329,0.319873957,0.356074148,,,0.19219877
-7.772978394,-2997.783085,-18647.14418,188.7162758,-524.9644708,2007.289835,,0.185702231,0.249394231,0.211799726,0.247798245,0.468568937,0.325179405,0.34937158,,,0.185702231
-6.166330588,-136.9951864,-19650.67609,-312.7770978,-614.5960829,1643.18894,,0.168124269,0.282353489,0.268002707,0.239255898,0.339776271,0.318382559,0.340463161,,,0.168124269
-2.244436882,4121.424194,7450.280643,-656.2871475,123.0539425,3162.36855,,0.170307029,0.362808401,0.351663528,0.469946887,0.251556611,0.374319227,0.377632774,,,0.170307029
9.462782203,8591.478472,32668.75324,-187.4337871,1434.894011,5978.522899,,0.222508571,0.602973828,0.439482124,0.684613639,0.371966725,0.473797246,0.446535337,,,0.222508571
13.91246598,11643.51221,39695.33316,492.7894526,1975.594043,8655.825725,,0.280445319,0.694255985,0.499442317,0.74442587,0.546660487,0.514799018,0.512040634,,,0.280445319
16.57473971,11910.17862,34428.17783,541.6535794,1575.588937,11249.84942,,0.291506436,0.748870672,0.50468124,0.699590358,0.559209688,0.484466269,0.575508348,,,0.291506436
17.94938138,9119.419584,24551.70395,288.9989635,1157.546173,13150.22238,,0.271379667,0.777070486,0.449854045,0.615519026,0.494323364,0.452765708,0.622004581,,,0.271379667
16.6621181,4498.581961,11852.28449,287.1990356,819.1487521,12143.29899,,0.249805611,0.750663179,0.359073162,0.507417985,0.49386111,0.427104726,0.597368288,,,0.249805611
13.21277423,271.5018549,957.2222353,173.6998878,-24.81832875,8452.999663,,0.21606537,0.679902297,0.276028032,0.414676142,0.464712454,0.363105939,0.507078109,,,0.21606537
1.190580029,-1646.524858,-2238.349654,-203.6721665,-948.2304578,6146.594522,,0.180722204,0.433275375,0.238346518,0.387474533,0.367796412,0.293082762,0.450647528,,,0.180722204
-1.774470427,-940.4825021,661.0777279,53.31991886,-801.3895797,7520.485854,,0.201817839,0.372449435,0.252217412,0.412155276,0.433796677,0.304217839,0.484262388,,,0.201817839
-2.093100875,829.6702549,4158.344887,1182.802044,359.4305457,9201.540909,,0.276981228,0.365912953,0.286993797,0.441925001,0.723868333,0.392243879,0.525392592,,,0.276981228
6.503000033,1321.430655,6447.459899,1702.358358,1176.651167,6880.79022,,0.301612325,0.542255963,0.296654912,0.461410594,0.857299892,0.454214457,0.46861102,,,0.301612325
6.776610573,-858.4772485,5835.072312,613.8167442,947.9249721,1382.90258,,0.216429312,0.547868892,0.253828485,0.456197778,0.577742508,0.436869943,0.334094761,,,0.216429312
4.996086763,-5111.497265,-2526.970753,-795.1743103,365.7387757,-3057.815239,,0.10786208,0.511342689,0.17027374,0.385017708,0.215887849,0.392722238,0.225444168,,,0.10786208
-2.684267631,-9344.309162,-18355.95584,-987.0515388,109.5370827,-4678.961202,,0.07548368,0.35378558,0.087116003,0.250276922,0.166610269,0.373294232,0.185779755,,,0.07548368
-5.687905196,-11612.65529,-31924.03364,-557.6753018,-60.53612294,-5239.086656,,0.088829958,0.292168052,0.042552121,0.134781617,0.276881936,0.360397427,0.172075222,,,0.088829958
-7.86047978,-11553.94742,-35355.9562,-817.55592,-439.2984649,-6255.077703,,0.071660356,0.247599201,0.043705494,0.105568124,0.210139843,0.331675536,0.147217072,,,0.071660356
-8.666884034,-10435.43548,-32133.58283,-1379.131999,-702.892075,-7167.13517,,0.042147665,0.231056381,0.065679757,0.132997875,0.06591684,0.311686994,0.124901854,,,0.042147665
-9.577546264,-9855.062421,-29374.839,-1130.696667,-583.467688,-7248.325918,,0.058192201,0.212374781,0.077081755,0.156481081,0.129719575,0.320743053,0.122915369,,,0.058192201
-10.05731992,-10303.27878,-27314.77317,-485.1489343,-345.8606277,-7094.655847,,0.093001259,0.202532559,0.068276105,0.174016942,0.295508033,0.338761011,0.126675199,,,0.093001259
-11.58141017,-10867.29133,-23702.09339,-608.3399364,-223.5580263,-7531.445119,,0.082597434,0.171266911,0.057195526,0.204769091,0.263870332,0.348035328,0.11598832,,,0.082597434
-10.09167089,-10269.32462,-23009.66755,-1214.627951,-233.5560246,-8255.65577,,0.049000605,0.201827873,0.068943168,0.210663215,0.108164487,0.347277171,0.098269131,,,0.049000605
-7.063272064,-8191.612082,-31590.81922,-1097.325015,-760.2142706,-8352.692244,,0.063696387,0.263953361,0.109761866,0.137618032,0.138290025,0.3073402,0.09589495,,,0.063696387
0.822213015,-5610.001073,-44804.94224,-307.1168049,-2183.095406,-7759.379413,,0.120078851,0.425718583,0.160480144,0.025135689,0.341229938,0.199441837,0.110411475,,,0.120078851
4.440634101,-3840.732496,-47757.81538,17.71529472,-3551.430625,-7495.164954,,0.146172206,0.499947966,0.195239159,0,0.424652759,0.09567974,0.116875983,,,0.146172206
7.110448322,-3252.433365,-31795.9053,-345.6513067,-2987.224406,-8121.361175,,0.126428463,0.554717341,0.206796872,0.135872281,0.331333574,0.138464008,0.101554904,,,0.126428463
8.509139042,-2909.653201,-5278.458311,-500.0511977,-212.8331025,-8535.156592,,0.118001277,0.583410505,0.213531124,0.36159627,0.291680859,0.348848609,0.091430613,,,0.118001277
9.525313713,-1502.237026,15204.25643,-41.55619528,2511.317965,-7356.105645,,0.152681618,0.604256619,0.241181194,0.535950916,0.409430757,0.555423448,0.120278333,,,0.152681618
9.836480693,1329.511235,21120.13493,526.1495719,3011.64645,-5211.530725,,0.201933079,0.610639992,0.296813663,0.586308543,0.555227975,0.593363809,0.17274943,,,0.201933079
8.567566787,4534.104957,16535.09321,879.0659314,1818.834142,-3867.097424,,0.238414257,0.584609109,0.359771046,0.547279374,0.645863347,0.502911773,0.205643543,,,0.238414257
8.126842162,6470.27167,9430.781492,1163.398359,1028.096993,-3262.20991,,0.263862635,0.575567951,0.397808938,0.486805469,0.718885112,0.44294946,0.220443265,,,0.263862635
7.639252648,6223.064531,3570.392503,1272.441402,1331.414597,-2159.722239,,0.272056488,0.565565392,0.392952312,0.436920184,0.746889359,0.465950308,0.247417719,,,0.272056488
8.539381645,4239.101853,-976.6053128,889.3856705,1577.698106,-1496.388299,,0.244422587,0.58403091,0.353975421,0.398214856,0.648513645,0.484626209,0.263647443,,,0.244422587
6.884041641,1862.398019,-4046.123786,232.8269509,959.4150118,-2760.925803,,0.19448547,0.550072766,0.307282746,0.372086249,0.479897364,0.437741243,0.232708132,,,0.19448547
4.107828671,422.4965055,-5080.069735,-101.2426708,183.880795,-3267.63579,,0.168527113,0.493120695,0.27899447,0.36328501,0.394102179,0.378931782,0.22031051,,,0.168527113
-5.881570144,797.4893194,-4253.900825,0.142576234,198.8580947,613.6080832,,0.186565151,0.288195151,0.286361571,0.370317593,0.420139764,0.380067525,0.31527251,,,0.186565151
-6.328315992,3621.261589,-538.4330038,162.3805945,904.6563303,5778.81548,,0.221489843,0.279030472,0.341837344,0.401944703,0.461805452,0.433588843,0.441649116,,,0.221489843
-3.324715797,9427.6527,10243.802,247.3559559,1790.923987,6641.353591,,0.252111305,0.340647233,0.455909586,0.493726129,0.483628678,0.500795321,0.462752748,,,0.252111305
8.700628498,18080.04336,31029.51965,437.0951713,3075.481716,6482.513841,,0.297246679,0.587338777,0.625894278,0.670660021,0.532357177,0.598204495,0.458866432,,,0.297246679
14.42837434,27849.64547,55723.8145,744.3897052,5234.905724,13159.21584,,0.372575044,0.704839485,0.817827684,0.880864824,0.611276031,0.76195557,0.622224623,,,0.372575044
19.42991892,35353.59483,69719.49445,1004.377239,7594.143456,24151.37388,,0.448154285,0.807442681,0.965250122,1,0.678045582,0.9408587,0.891168639,,,0.448154285
28.81641034,37122.39836,62649.31861,1169.729658,8374.053708,28599.48,,0.476990369,1,1,0.939816669,0.720511106,1,1,,,0.476990369
28.53417861,32004.39963,40204.98226,1168.072074,6618.083005,22773.57002,,0.439957613,0.994210213,0.8994519,0.748764147,0.720085408,0.866843154,0.857458051,,,0.439957613
23.69436412,22419.62815,19591.91993,819.8275853,3612.960429,12393.29558,,0.352736289,0.894924797,0.711149673,0.573299945,0.630649857,0.638961992,0.60348493,,,0.352736289
3.632793066,13039.56789,12272.12136,357.489526,1792.896994,4105.699079,,0.265790125,0.483375671,0.526869199,0.510991755,0.511912992,0.500944936,0.400713147,,,0.265790125
-2.322122425,7580.6444,14015.92202,470.5943681,2233.867079,2171.998405,,0.244684787,0.361214736,0.419623299,0.525835478,0.540960383,0.534384096,0.353401488,,,0.244684787
-4.834570595,6215.863612,13085.89166,1199.506665,3629.481855,5457.061743,,0.289211512,0.309673616,0.392810843,0.517918797,0.728158385,0.640214826,0.4337768,,,0.289211512
3.764090967,5820.320766,4547.493779,1457.262478,3867.145601,5736.146544,,0.302843609,0.486069156,0.385040016,0.445237546,0.79435479,0.658237083,0.440605139,,,0.302843609
2.386939201,2912.264894,-6733.404394,530.5025161,2299.322199,-1118.198806,,0.220001197,0.457817848,0.327908409,0.349211359,0.556345891,0.539347617,0.272900567,,,0.220001197
-1.297404366,-3229.605835,-14449.77977,-652.780636,188.1005111,-7830.592301,,0.110114803,0.382236112,0.207245341,0.283527395,0.252457148,0.379251767,0.108669116,,,0.110114803
-13.05736723,-9983.059693,-17159.67832,-878.8530263,-908.291307,-8940.628419,,0.067067439,0.140988683,0.074567123,0.260459974,0.194397625,0.296111384,0.081509975,,,0.067067439
-17.02805652,-13778.60074,-16738.87701,-533.358308,-761.1143589,-9054.004065,,0.070791507,0.059532764,0,0.264041953,0.283126984,0.307271945,0.078736025,,,0.070791507
-18.97792667,-13239.53894,-15383.67577,-704.5577585,-362.7470281,-11300.95017,,0.057095392,0.019532539,0.010590397,0.275577809,0.239159836,0.3374805,0.023760222,,,0.057095392
-17.98557044,-10219.41319,-15251.71227,-1129.837851,-531.3070926,-12272.06721,,0.042738153,0.039890034,0.069923727,0.276701119,0.129940134,0.324698438,0,,,0.042738153
-16.58330007,-7915.280119,-17278.32484,-835.4744585,-1034.615501,-10617.48316,,0.073166575,0.068656632,0.115190678,0.259450021,0.205538034,0.286532107,0.04048254,,,0.073166575
-13.84974077,-7968.020882,-19129.41173,-229.7465224,-1152.620263,-8906.966659,,0.111688511,0.124733693,0.114154535,0.243693048,0.361100041,0.277583699,0.082333574,,,0.111688511
-6.062547576,-9305.574383,-17953.62391,-454.5489866,-779.5227249,-8955.357156,,0.093549129,0.284482525,0.087876985,0.253701685,0.303366659,0.305876022,0.081149608,,,0.093549129
-3.456801201,-9678.645291,-16179.47454,-1086.097341,-620.7134829,-10129.25697,,0.053358783,0.337937593,0.080547642,0.268803745,0.141173497,0.317918671,0.052427921,,,0.053358783
-2.310193991,-8187.889815,-19713.83018,-798.6000876,-1260.154944,-8860.144187,,0.079040936,0.36145944,0.109834994,0.238718313,0.215008047,0.269429247,0.083479175,,,0.079040936
-5.006610868,-6211.31729,-27754.98935,31.54575396,-2283.827877,-3338.033132,,0.148984557,0.30614433,0.148666698,0.170269698,0.428204674,0.191803203,0.218588106,,,0.148984557
-4.989216415,-5849.588574,-29604.72155,-97.65473902,-2583.977885,585.5434834,,0.154160424,0.306501165,0.155773213,0.154524255,0.395023625,0.169042556,0.314585857,,,0.154160424
-4.641936983,-7565.47989,-16941.33176,-949.4582084,-1571.84932,-1546.900309,,0.09352239,0.31362536,0.122062847,0.262318601,0.176264924,0.24579318,0.262411571,,,0.09352239
-3.501806934,-9514.941204,3778.316997,-944.0739403,58.9852031,-3298.145154,,0.081060433,0.337014332,0.083763769,0.438690096,0.177647702,0.369460837,0.219564041,,,0.081060433
-2.841067934,-9323.53691,17213.64928,-91.3649349,919.5250667,99.53184602,,0.139126367,0.350568931,0.087524094,0.553055435,0.396638962,0.434716353,0.302694659,,,0.139126367
-2.196799055,-6528.168403,16379.11547,248.5140579,290.3676752,2584.141078,,0.176408426,0.363785658,0.142441847,0.545951648,0.4839261,0.387006779,0.363485341,,,0.176408426
-0.805855466,-3172.682141,8255.428428,94.71058394,-1163.832774,1410.155882,,0.17805814,0.392319894,0.208363663,0.476800532,0.444426557,0.276733444,0.334761565,,,0.17805814
-0.766226828,-1891.495408,2322.163403,507.4046398,-2076.546664,1652.278148,,0.207044327,0.393132848,0.233533831,0.426294906,0.550413934,0.207521524,0.340685546,,,0.207044327
-1.314815389,-3375.281908,98.20501633,1125.801764,-1738.006307,2335.967604,,0.237629513,0.381878937,0.204383392,0.407363945,0.709229619,0.233193346,0.357413306,,,0.237629513
-3.621880692,-5759.831275,-1456.113593,833.3127681,-729.8845827,-916.2930785,,0.20251927,0.334551103,0.157536583,0.394133147,0.634113099,0.309640128,0.277840574,,,0.20251927
-4.468817556,-6519.131684,-2331.755835,102.9575918,-230.9812427,-3485.354309,,0.151333427,0.317176784,0.142619382,0.386679433,0.446544539,0.347472419,0.214983613,,,0.151333427
-5.025934009,-4876.282571,-920.7864082,86.27886893,-774.5805846,-744.0973607,,0.164688978,0.305747929,0.174894763,0.398690003,0.442261138,0.306250789,0.282053669,,,0.164688978
-7.904550151,-2245.181558,378.2866083,376.252267,-1749.542366,1921.92183,,0.199016563,0.246695128,0.22658532,0.409748079,0.516731607,0.232318556,0.34728289,,,0.199016563
-5.923417944,-342.4916118,-1900.66408,14.18243905,-2092.82468,953.0436513,,0.183696515,0.287336673,0.263965528,0.390349008,0.423745457,0.206287148,0.323577446,,,0.183696515
-1.693906386,855.0865561,-4050.040902,-502.8149541,-1377.327597,1079.280304,,0.159902094,0.37410215,0.287493125,0.372052906,0.290971076,0.260543938,0.326666065,,,0.159902094
9.867405969,2932.153862,2702.755194,-276.4664738,-167.609458,4097.310248,,0.189408516,0.611274402,0.328299147,0.429534611,0.349101503,0.352277959,0.400507898,,,0.189408516
14.78095336,6727.85157,18625.25051,274.0323174,632.3584394,6372.049389,,0.241951715,0.712072397,0.402869348,0.565071383,0.490479656,0.412940248,0.45616371,,,0.241951715
18.13010895,10543.60194,30194.84264,427.2218924,664.8142342,7240.364223,,0.268374399,0.780777986,0.477833502,0.663555014,0.529821539,0.4154014,0.477408681,,,0.268374399
21.98291341,11244.84147,24962.1949,429.4392243,323.0291542,7986.722857,,0.273415112,0.859815581,0.49161004,0.619013241,0.53039099,0.389483528,0.495669762,,,0.273415112
20.65182835,7547.162634,8953.614461,459.5023083,183.7178718,7041.932117,,0.257528964,0.8325093,0.418965516,0.482743688,0.53811174,0.378919428,0.472553663,,,0.257528964
16.20484776,2044.992795,1554.292268,3.596827907,387.0227987,4328.890148,,0.20217315,0.741282597,0.310869999,0.419758571,0.421026879,0.394336224,0.40617394,,,0.20217315
0.836362616,-649.889673,12195.37009,-687.1369603,620.326644,3700.518245,,0.150811952,0.426008852,0.257926392,0.510338427,0.243633816,0.412027866,0.390799628,,,0.150811952
-3.988888058,1662.985313,28963.79011,-417.4188652,595.5191404,5777.806885,,0.181074612,0.327022203,0.303365088,0.653075948,0.312902353,0.41014669,0.441624439,,,0.181074612
-6.076557411,6191.537836,33531.7072,722.023997,370.5814947,5637.309015,,0.262848596,0.284195123,0.392332939,0.691959347,0.605532108,0.393089465,0.438186892,,,0.262848596
1.081260408,7454.970324,21551.35487,1001.228628,144.8910687,1433.936955,,0.271863746,0.431032759,0.417154308,0.589979208,0.677236961,0.375975156,0.335343414,,,0.271863746
-0.41310494,2589.983882,3013.61171,-164.4889694,-142.7917318,-1891.357115,,0.177578515,0.400376897,0.321576883,0.432180709,0.377859373,0.354159909,0.253983781,,,0.177578515
-4.051788218,-5655.56661,-12944.83,-1236.791276,-831.5155907,-1051.689083,,0.08651037,0.32573185,0.159584964,0.296337952,0.10247254,0.301933356,0.274527854,,,0.08651037
-16.16052371,-11512.30402,-25374.7399,-1226.26204,-2083.734943,292.3597931,,0.067202428,0.077329594,0.04452362,0.190531052,0.10517664,0.206976431,0.307412561,,,0.067202428
-19.34469384,-11831.12062,-34626.72214,-1062.333021,-3507.02764,-1432.6707,,0.070287081,0.012008566,0.038260155,0.11177557,0.147276609,0.099046858,0.265206415,,,0.070287081
-19.93006916,-8838.656075,-37369.92789,-1403.81546,-4384.260513,-3690.995158,,0.056920866,0,0.097050053,0.088424629,0.059577676,0.032525497,0.20995222,,,0.056920866
-15.68836299,-7075.332043,-32858.51819,-1443.661179,-4354.962017,-3208.550085,,0.063155556,0.087015641,0.131692281,0.126827021,0.049344567,0.034747228,0.221756154,,,0.063155556
-12.7487121,-8020.316911,-28101.9222,-860.1124659,-3817.510202,-1810.069408,,0.095959359,0.147320527,0.113127128,0.167316507,0.199210544,0.075502685,0.255972639,,,0.095959359
-8.882860933,-8582.463071,-30074.33795,-601.5940459,-3560.325104,-2319.044474,,0.106760423,0.226625765,0.102083216,0.150526748,0.2656028,0.095005264,0.243519598,,,0.106760423
1.104345494,-5241.711774,-35224.38221,-796.3175706,-3958.925251,-3338.51951,,0.106488148,0.431506334,0.167715548,0.106688119,0.215594239,0.064779054,0.218576205,,,0.106488148
2.924715694,1024.191085,-33669.90631,-314.7835918,-4578.07459,-2619.927484,,0.160794707,0.468849958,0.290815349,0.119920256,0.339260967,0.0178284,0.236157924,,,0.160794707
1.773379373,5016.414908,-23903.40459,726.3361426,-4612.078919,-1768.344795,,0.237661466,0.445231097,0.369246498,0.203055474,0.606639546,0.015249821,0.256993511,,,0.237661466
-9.506643605,2802.073599,-16076.03321,658.0482998,-3704.988287,-3283.005906,,0.220660442,0.213829299,0.325743593,0.269684267,0.58910198,0.084035324,0.219934451,,,0.220660442
-11.23530635,-3782.209279,-17174.33208,-693.1981344,-2289.742836,-5847.884706,,0.111154811,0.17836699,0.196388905,0.260335237,0.242077195,0.191354666,0.157179822,,,0.111154811
-10.5696079,-8826.150067,-19014.51349,-1422.034678,-1113.967928,-6457.00158,,0.048224816,0.192023329,0.097295746,0.244671094,0.054898648,0.28051474,0.142276621,,,0.048224816
-2.654209396,-8355.138807,-8136.955823,-762.5328882,-496.1427839,-5051.520452,,0.091024563,0.354402204,0.106549224,0.337263933,0.224270763,0.32736498,0.176664385,,,0.091024563
-0.843037868,-3940.154202,14538.81179,-23.23690504,-116.966222,-3656.06201,,0.1541971,0.391557123,0.193285922,0.530286463,0.414135485,0.356118281,0.210806925,,,0.1541971
-0.280766543,-245.9777903,32203.06596,174.5866379,474.4714637,-2688.194874,,0.182909075,0.403091727,0.265861637,0.680649578,0.464940187,0.400967536,0.234487632,,,0.182909075
-3.311579112,138.0364175,32299.83568,603.4375805,1258.502358,-1345.286986,,0.212252245,0.340916723,0.273405972,0.681473309,0.575076949,0.460421307,0.267344423,,,0.212252245
-3.490773466,-1320.889917,21094.38362,1222.788848,1745.844275,-250.5139925,,0.24413943,0.337240676,0.244743935,0.58608934,0.734137676,0.497376885,0.294130123,,,0.24413943
-3.162538277,-1792.085748,13196.39825,1136.133081,1570.616255,-464.3137056,,0.236781422,0.343974192,0.235486831,0.518859461,0.711882891,0.484089186,0.288899107,,,0.236781422
-0.59600117,-484.4092668,12282.84376,460.9581442,978.8255993,-834.1504845,,0.203178574,0.396624909,0.261177417,0.511083027,0.538485625,0.439213166,0.279850348,,,0.203178574
-0.552881832,1196.621911,10744.26633,-32.38667427,631.7888385,379.6138221,,0.185699879,0.397509472,0.294202922,0.497986222,0.411785657,0.412897054,0.309547397,,,0.185699879
-1.302305609,2093.931339,6452.826187,-234.456661,925.9176836,1944.840307,,0.182366896,0.382135566,0.311831445,0.461456273,0.359890391,0.435201111,0.347843634,,,0.182366896
-7.523765258,2771.579619,8971.013675,-313.8773747,1589.253217,1363.857561,,0.179028511,0.254506664,0.325144509,0.482891795,0.3394937,0.485502444,0.333628788,,,0.179028511
-6.350453071,4421.587961,24604.99925,-269.9876061,2013.798881,-232.6480409,,0.183693574,0.278576345,0.35756054,0.615972691,0.350765395,0.517696126,0.294567248,,,0.183693574
-2.46185226,7153.932083,43477.70366,-125.3410286,1954.180236,842.6078486,,0.205840038,0.358348276,0.411240117,0.776622474,0.38791328,0.51317519,0.320875424,,,0.205840038
10.66404201,9980.080263,49914.53001,179.6592407,1799.277808,4617.024814,,0.244893367,0.627616835,0.466762567,0.831414556,0.466242925,0.501428799,0.413223701,,,0.244893367
15.08998307,12103.80162,42175.00311,469.313076,2091.076124,7113.686875,,0.276681024,0.718411926,0.508485154,0.76553352,0.540631324,0.523556129,0.474309279,,,0.276681024
17.33799243,13475.62956,32959.13097,441.3958789,2815.927607,6959.509812,,0.280225389,0.764528269,0.535436058,0.687085416,0.533461678,0.578522272,0.470537044,,,0.280225389
17.01158312,14036.59468,30647.19842,646.0567462,3281.499403,6775.246297,,0.293449642,0.75783221,0.546456767,0.667405594,0.586022329,0.613827002,0.466028688,,,0.293449642
15.1994646,13186.2174,29185.75025,1285.290483,2780.204816,6909.350387,,0.326225988,0.720657863,0.529750272,0.654965335,0.750189238,0.575813381,0.469309799,,,0.326225988
11.50517341,10605.66641,20006.14884,935.7304412,1377.283072,4657.570087,,0.289918993,0.644872058,0.47905282,0.576825979,0.660415829,0.469428556,0.414215719,,,0.289918993
-0.168481247,7307.544537,6189.873689,-349.2754038,-17.0228486,1332.655368,,0.195275089,0.405395182,0.414257984,0.459217947,0.330402839,0.363697077,0.332865367,,,0.195275089
-3.055712777,5054.471964,-2238.186614,29.25010667,-420.9373131,1797.429157,,0.20869475,0.346165642,0.369994166,0.387475921,0.427615109,0.333067878,0.344236941,,,0.20869475
-3.253682076,4367.662886,-3241.487668,2022.098622,329.6192307,4872.120319,,0.326229221,0.34210444,0.356501129,0.378935539,0.939415036,0.38998326,0.419465097,,,0.326229221
5.999725669,3544.497763,-5236.002508,2258.004585,1425.245164,3817.329974,,0.3331841,0.531931641,0.340329243,0.361957666,1,0.473065565,0.393657649,,,0.3331841
6.107383424,310.0122968,-14729.96421,340.4680922,1786.211075,-1688.942255,,0.197244667,0.534140165,0.276784607,0.281142386,0.507541577,0.500437936,0.258936245,,,0.197244667
3.831441743,-5405.71053,-27796.41623,-860.4206151,942.7955293,-4819.876338,,0.098094903,0.48745081,0.164493632,0.16991706,0.199131405,0.436480973,0.182331998,,,0.098094903
-6.438275291,-10756.01251,-36061.02447,-793.6336258,-683.446522,-3797.007237,,0.083089,0.276774733,0.059381707,0.099566384,0.216283525,0.313161568,0.207358433,,,0.083089
-9.274886506,-12485.82583,-37064.567,-935.8389011,-2234.895202,-3333.580158,,0.069425427,0.218583634,0.02539783,0.091023947,0.179762611,0.195513812,0.218697056,,,0.069425427
-10.28852693,-10190.06305,-35524.66945,-1212.846874,-3082.02107,-4514.092314,,0.059870345,0.197789509,0.070500339,0.104131989,0.1086219,0.131275491,0.189813585,,,0.059870345
-7.040421098,-6799.388988,-36089.66623,-1024.422837,-3118.903601,-4410.759134,,0.08441515,0.264422133,0.137113453,0.099322577,0.157012637,0.128478655,0.192341827,,,0.08441515
-6.238067561,-5636.385583,-37695.46145,-794.168345,-2606.375369,-3368.878766,,0.104929984,0.280881855,0.159961794,0.085653595,0.216146199,0.167344135,0.217833409,,,0.104929984
-5.442645614,-7093.298907,-35499.59165,-744.3159209,-1904.606091,-3446.015335,,0.10162568,0.297199381,0.131339305,0.104345458,0.228949213,0.220559933,0.215946116,,,0.10162568
-4.221236928,-8446.153773,-27600.54944,-860.9224432,-1368.855307,-3843.535661,,0.088514979,0.322255728,0.104761145,0.171584334,0.199002527,0.2611864,0.206220027,,,0.088514979
-3.764973143,-6986.614837,-19118.96118,-1387.132321,-1322.770674,-3680.843232,,0.065363825,0.331615661,0.133435218,0.243782006,0.063862211,0.264681039,0.210200606,,,0.065363825
-3.640887221,-3110.889051,-18030.9152,-1558.095165,-1890.824709,-3598.730545,,0.07166067,0.334161197,0.209577648,0.25304376,0.019955828,0.221604988,0.212209648,,,0.07166067
-6.565616706,-57.87804212,-25443.47172,-336.4807772,-2742.868772,-3017.817842,,0.154097219,0.274162413,0.269557041,0.189945988,0.333688733,0.156993716,0.226422781,,,0.154097219
-5.068736669,-557.3443692,-31453.81955,980.0986118,-3101.292,-1860.095217,,0.229122136,0.304869862,0.259744536,0.138784212,0.671810387,0.129814159,0.254748663,,,0.229122136
-1.866833448,-3914.436508,-23966.14403,447.5834614,-2224.930159,-2108.257383,,0.185018413,0.370554672,0.193791171,0.202521418,0.535050762,0.19626947,0.248676904,,,0.185018413
7.302298091,-6584.451559,-2020.895149,-774.3082221,-68.60414023,-2936.879525,,0.103421193,0.558653005,0.141336109,0.389325567,0.221246642,0.359785622,0.22840309,,,0.103421193
10.71755601,-5644.592612,22345.7772,-397.6491924,2508.191516,-1341.286956,,0.1327889,0.628714637,0.159800559,0.596741555,0.317979566,0.555186366,0.267442292,,,0.1327889
12.64119812,-1614.217169,36048.23943,832.3482087,4296.628846,975.7777193,,0.224491316,0.668176812,0.238981234,0.713380779,0.633865382,0.690805186,0.324133678,,,0.224491316
12.4253853,2157.305454,36120.8319,1055.033085,4648.087474,1151.979854,,0.252698358,0.663749563,0.313076491,0.713998707,0.691054929,0.717456611,0.328444798,,,0.252698358
11.8519346,2757.477465,28940.11968,896.9632381,3925.274996,1625.840915,,0.247584022,0.651985622,0.324867458,0.652874459,0.650459703,0.662645088,0.340038708,,,0.247584022
10.27305997,278.3609962,22484.02624,1256.802346,3066.882652,3011.883629,,0.261616254,0.619596111,0.276162786,0.59791837,0.742872964,0.59755242,0.373950875,,,0.261616254
4.919520344,-2689.884027,20857.7262,843.3478398,2679.398968,1070.34823,,0.221028088,0.509771983,0.217848705,0.584074845,0.636690289,0.568169182,0.326447525,,,0.221028088
3.407286145,-3725.289129,22101.77829,-566.4362324,2535.805344,-2095.484831,,0.128971125,0.478749554,0.197507157,0.594664568,0.274631969,0.557280348,0.248989409,,,0.128971125
2.967168719,-2452.110767,18787.73809,-636.3250008,1962.719964,-84.27745644,,0.135811833,0.469720852,0.222519993,0.566454523,0.256683256,0.513822765,0.298197416,,,0.135811833
4.056178099,80.5693974,5459.61602,920.1143389,710.322853,3425.059497,,0.243096424,0.492061119,0.272276977,0.453001788,0.656405329,0.41885236,0.384060007,,,0.243096424
5.418386887,3310.227839,-10602.15397,1351.886804,-596.8002534,1435.945205,,0.274789313,0.520005882,0.335726781,0.316279471,0.76729239,0.319732033,0.335392549,,,0.274789313
7.510855795,7848.243325,-11688.02385,266.5968669,-931.3198706,-1323.660519,,0.224566177,0.562931421,0.424880542,0.30703624,0.488570096,0.294365108,0.267873556,,,0.224566177
12.13783075,14090.50306,9635.126216,104.3567,151.0538888,1736.053191,,0.249225231,0.657850582,0.54751585,0.488544909,0.446903856,0.376442488,0.342735261,,,0.249225231
14.33876707,20516.77477,35759.22384,968.4383497,1955.005679,6031.864907,,0.335616184,0.703001254,0.673766254,0.710920597,0.668815818,0.513237784,0.447840451,,,0.335616184
15.91795859,23982.57614,40371.1967,1154.465183,3095.309643,6505.121101,,0.361363152,0.735397266,0.741855318,0.750179011,0.716590909,0.599708065,0.459419562,,,0.361363152
19.77108021,22126.03521,19560.71366,1044.342356,2606.369567,6598.072562,,0.347951669,0.814441366,0.705381753,0.573034309,0.688309354,0.562631296,0.461693796,,,0.347951669
17.93642184,15563.95483,-4533.17396,1076.285184,751.4456759,8312.255219,,0.328029459,0.776804631,0.576463254,0.367940341,0.696512857,0.421970741,0.503634529,,,0.328029459
13.30970253,7596.118049,-14095.59458,15.1171786,-1171.997603,8116.062555,,0.235813988,0.681890714,0.419927294,0.286542319,0.423985515,0.276114298,0.498834303,,,0.235813988
-2.541239003,1641.630422,-16807.14075,-1292.192424,-1859.408625,5957.306608,,0.132449136,0.356719713,0.30294555,0.263460873,0.088244512,0.223987298,0.44601624,,,0.132449136
-6.426321666,-1146.471364,-27507.55446,-494.0543139,-990.1105993,5373.54621,,0.164303517,0.277019954,0.248170559,0.172375933,0.293220969,0.289906953,0.431733434,,,0.164303517
-6.777667318,-2029.786592,-39794.95711,1295.594985,610.506686,5091.805425,,0.260278722,0.269812343,0.230816965,0.067782096,0.752835622,0.41128321,0.424840111,,,0.260278722
5.453608206,-2906.965391,-32844.8066,1436.485459,1697.953799,1293.737166,,0.254027129,0.520728422,0.213583928,0.126943737,0.789018872,0.493745307,0.33191316,,,0.254027129
5.384925015,-4601.901183,-4715.119527,374.8788666,1567.070333,-4076.629047,,0.172668796,0.519319435,0.180285254,0.366391569,0.516378893,0.483820296,0.200516954,,,0.172668796
2.065201135,-6629.943125,18761.25427,-346.4000022,476.0104043,-6068.424392,,0.118480302,0.451217617,0.140442383,0.566229085,0.331141295,0.401084235,0.1517839,,,0.118480302
-12.96823495,-8105.896985,15790.75181,-650.8857012,-708.5280786,-5003.419383,,0.098424487,0.142817169,0.111445823,0.54094333,0.252943801,0.311259611,0.177841269,,,0.098424487
-16.44100336,-8610.059602,-2870.420422,-755.4575158,-1245.823244,-4865.213077,,0.090912072,0.071575749,0.101541055,0.382094168,0.226087848,0.270516032,0.181222749,,,0.090912072
-16.81574803,-8390.995608,-9260.255648,-895.601934,-1012.959837,-6080.96302,,0.080544666,0.063888124,0.105844782,0.327702088,0.1900962,0.288174275,0.151477118,,,0.080544666
-9.962014389,-8055.5873,3988.134949,-1176.458381,-441.2182411,-6076.880692,,0.066165535,0.204487686,0.112434206,0.440476126,0.11796713,0.331529957,0.151577,,,0.066165535
-7.236373939,-8006.54221,15579.25083,-991.6659921,-78.23399909,-4952.668479,,0.079863029,0.260402297,0.113397745,0.539142974,0.165425194,0.359055381,0.179082986,,,0.079863029
-4.50835142,-7857.666476,6683.385233,-724.3927557,-194.3490853,-5030.472633,,0.095230522,0.316365774,0.116322555,0.463418857,0.234065846,0.350250269,0.17717936,,,0.095230522
0.638956706,-6432.77112,-13150.38151,-1297.290069,-694.7640321,-5981.115751,,0.066212693,0.421959208,0.14431602,0.294588239,0.086935344,0.312303351,0.153920071,,,0.066212693
1.561350145,-2937.982035,-20234.30855,-1253.491491,-1280.356166,-5365.56045,,0.084500714,0.440881465,0.212974576,0.234287854,0.098183619,0.26789737,0.1689808,,,0.084500714
0.675745729,1403.075411,-9718.969039,619.6316185,-1640.886334,-3475.209045,,0.212320213,0.422713909,0.298258903,0.32379739,0.579235874,0.240558041,0.215231836,,,0.212320213
-6.666613986,3347.749224,-1574.8775,1758.258153,-1557.632858,-3121.530499,,0.28499381,0.272090524,0.336463925,0.393122195,0.871655981,0.246871227,0.223885254,,,0.28499381
-7.679297814,382.4295407,-12311.61604,228.2683759,-957.1784553,-4599.74111,,0.183117546,0.251316023,0.278207315,0.301728048,0.478726639,0.292404228,0.187718024,,,0.183117546
-7.011057624,-5976.062461,-31360.39476,-1586.94327,20.37602375,-5034.888625,,0.054461585,0.265024504,0.153288509,0.13957947,0.012547107,0.366533068,0.177071314,,,0.054461585
-1.133854341,-10336.52106,-33339.12305,-1331.333173,997.4473316,-3220.917516,,0.056248144,0.385591227,0.067623028,0.122735976,0.078192453,0.440625269,0.221453562,,,0.056248144
0.252572831,-8097.016489,-9334.921048,36.94658784,1504.87979,-1213.58855,,0.147605426,0.414032812,0.111620289,0.327066515,0.429591707,0.479104331,0.270566676,,,0.147605426
0.676260633,-337.6041431,22838.85136,770.9889066,1291.362951,-321.9571046,,0.222582531,0.422724472,0.264061548,0.600938742,0.618107192,0.462913156,0.292382132,,,0.222582531
-2.333275863,6619.205545,39963.38085,739.6038321,569.0492554,636.5027518,,0.251594508,0.360985931,0.40073489,0.746707567,0.610046931,0.408139455,0.315832672,,,0.251594508
-1.979859397,7214.160226,37274.96849,1014.115173,-73.81942117,1950.536889,,0.273056493,0.368236023,0.412423358,0.723823043,0.680546461,0.359390142,0.347983012,,,0.273056493
-0.733985171,2056.77793,27179.23762,1955.66157,-105.5774608,1795.054601,,0.304578435,0.393794263,0.311101529,0.637885334,0.922352787,0.356981901,0.344178843,,,0.304578435
4.066684017,-3181.444507,20156.72947,2169.331581,506.3973638,-26.51961153,,0.29031531,0.492276641,0.208191517,0.578107764,0.977227152,0.403388505,0.299610571,,,0.29031531
5.102995481,-4096.282889,14834.91748,872.316436,1256.828695,-962.6394008,,0.211294528,0.513535847,0.190218621,0.532806999,0.644129954,0.460294392,0.276706623,,,0.211294528
5.037268333,-1878.523998,6546.776941,-195.0565204,1552.534325,-58.04368738,,0.162939381,0.5121875,0.233788667,0.462256008,0.370009067,0.482718017,0.298839275,,,0.162939381
0.278477396,-852.9707904,-1879.977893,136.7010178,1274.816323,729.6411051,,0.187879539,0.414564226,0.253936665,0.390525094,0.455210468,0.46165841,0.318111479,,,0.187879539
0.704103811,-2487.30694,-2647.110291,438.4264081,930.5886395,1333.977289,,0.199882225,0.423295655,0.22182853,0.383995047,0.532699063,0.435555313,0.332897711,,,0.199882225
2.723096772,-3260.687364,6447.157065,94.13138523,1214.839032,4565.413216,,0.186482574,0.464713886,0.206634714,0.461408016,0.444277808,0.457110278,0.411960926,,,0.186482574
10.71821801,905.487922,18540.03697,440.1306868,2350.085447,9913.917218,,0.237642209,0.628728218,0.288483309,0.564346021,0.533136753,0.54319704,0.542822231,,,0.237642209
12.63888012,8892.217878,24827.27099,1318.688059,3798.282731,12492.43558,,0.326350258,0.66812926,0.445390445,0.61786473,0.758766346,0.653015149,0.605910578,,,0.326350258
12.86781208,14358.51256,22184.79022,1253.93162,4624.833725,11084.02103,,0.340861635,0.672825639,0.552781159,0.595371189,0.742135709,0.715693259,0.571451042,,,0.340861635
11.29686066,12043.0082,13353.59567,612.2973573,4214.501584,9963.455459,,0.292410445,0.640598668,0.507290808,0.52019757,0.577352301,0.684577401,0.544034278,,,0.292410445
8.225260855,3670.890266,2650.162125,411.1367956,2729.668393,9953.158245,,0.247294259,0.577586942,0.342812348,0.429086924,0.525690592,0.571981158,0.543782337,,,0.247294259
3.544820143,-3122.276038,-6573.221853,112.3292394,941.8445532,6996.999091,,0.194852893,0.481570968,0.20935394,0.350574878,0.448951349,0.43640886,0.471454291,,,0.194852893
-8.303045542,-2034.446472,-12129.9365,-469.483365,-378.2987445,1946.194532,,0.152522724,0.238520273,0.230725417,0.303274555,0.299531237,0.3363012,0.347876768,,,0.152522724
-12.03064608,5825.502051,-13466.23373,-329.2296884,-973.1761736,366.5690693,,0.187715568,0.16205115,0.385141807,0.291899616,0.335550945,0.291191106,0.309228232,,,0.187715568
-13.19661064,13075.15079,-12020.16448,279.509948,-1120.789726,1520.951397,,0.254343289,0.138132201,0.52756826,0.304208966,0.491886411,0.279997437,0.337472387,,,0.254343289
-6.141814533,13022.0103,-9723.605593,82.03464103,-1244.978766,-4.905799687,,0.238796488,0.282856419,0.526524263,0.323757923,0.441171143,0.27058007,0.300139394,,,0.238796488
-6.427528088,5440.520305,-7419.732112,-706.6213065,-1527.082453,-3296.687463,,0.154772852,0.276995205,0.377578464,0.343369144,0.238629879,0.249187892,0.219599706,,,0.154772852
-8.394676741,-4104.203965,-5950.760077,-1125.203469,-1850.367115,-3985.073067,,0.090838507,0.236640523,0.190063004,0.355873448,0.131130328,0.224672924,0.202757045,,,0.090838507
-16.02470592,-9911.986658,-7626.979916,-1318.156055,-2041.374669,-3287.161718,,0.058516303,0.080115801,0.075963422,0.341604992,0.081576577,0.210188649,0.219832771,,,0.058516303
-18.36760637,-10772.34442,-13745.9934,-1584.003067,-2101.98879,-3904.567806,,0.038413846,0.032052833,0.059060851,0.289518223,0.013302205,0.205592225,0.204726759,,,0.038413846
-19.40487779,-9479.876012,-20717.64443,-1572.742802,-2193.835579,-4308.392412,,0.043136806,0.010773934,0.084452659,0.230173563,0.016194047,0.1986274,0.194846424,,,0.043136806
-17.42175151,-8846.73589,-22368.53849,-1338.770077,-2429.45647,-3657.12868,,0.060629322,0.051456386,0.096891317,0.216120687,0.07628252,0.180760055,0.210780827,,,0.060629322
-17.13311697,-9023.447202,-17877.11766,-1282.200551,-2723.61395,-3768.659985,,0.062775527,0.057377522,0.09341965,0.254352928,0.090810608,0.158453827,0.208052002,,,0.062775527
-16.82426286,-8659.958378,-14072.76705,-1269.428164,-2871.898261,-4214.374573,,0.063714647,0.063713448,0.100560744,0.286736633,0.09409079,0.147209294,0.197146748,,,0.063714647
