[2.3848906],3.2481930918306574,[0.01573787],[0.01137166],[0.9657598],0.007721538544424225,0.46050831930644565
[9.046804],10.18908529292229,[0.16386841],[0.04295677],[0.7367178],0.0247621007029095,0.8759090182448884
[10.831774],12.064600312006883,[0.24086185],[0.05189934],[0.717554],0.02946238787642554,0.9088896063713694
[3.2656922],4.0988225595299586,[0.02586122],[0.01555937],[0.94765615],0.009806963106880002,0.5762569460831102
[2.6791604],3.4773850742987977,[0.01836516],[0.01281079],[0.960606],0.008297049307779577,0.4831202901861767
[2.7562428],3.5668543923669853,[0.0191977],[0.01314511],[0.96043134],0.008502119186793701,0.5169839870837237
[7.5021825],8.82480881783774,[0.12247965],[0.03563293],[0.7762807],0.021340806849028924,0.8818789526824822
[11.861466],14.229322455890545,[0.33278573],[0.05629492],[0.60765696],0.03482084447983055,0.9267452158077901
[21.610603],23.73099825798132,[0.9523025],[0.10225176],[0.41171688],0.05953818288650139,0.989261387524697
[17.484875],19.276953912598263,[0.60639423],[0.08253811],[0.45567513],0.04787561141220931,0.9754559228650096
[0.7022597],0.9491575872865053,[0.26314297],[0.04866551],[0.96388805],0.03241485430528168,0.46388738728519435
[2.7243552],3.4056709567319245,[0.01635095],[0.01288167],[0.95913064],0.008136243964599438,0.5091885531937685
[4.19313],4.906657208108769,[0.03594329],[0.01979287],[0.914845],0.011787117711007869,0.658262917749829
[23.182161],26.679889960798423,[1.273378],[0.11023673],[0.38702255],0.06715291680119916,0.9826445415635076
[23.897274],26.481753419291486,[1.2348835],[0.11375052],[0.39785737],0.06678995749516377,0.9784042384065844
[31.276493],33.71543730831064,[2.089557],[0.1489174],[0.33777314],0.08662929792005361,0.9955978796910249
[5.7793846],7.635851283452163,[0.08781978],[0.02771825],[0.7868654],0.01819354173764597,0.8790255138122287
[2.7879546],3.8892002177884093,[0.02191379],[0.01324922],[0.95591426],0.009227529362888617,0.567053577111493
[2.5602696],3.318191533056648,[0.01613344],[0.01209858],[0.95862263],0.007914587278646468,0.5122463286973825
[2.523064],3.2798903781901516,[0.01600757],[0.01197321],[0.96116763],0.007828504075893403,0.48957522045798096
[2.882549],3.6808754851887313,[0.01984238],[0.01356086],[0.9486995],0.0088011574673855,0.5480930863969987
[2.355116],3.1858490801146075,[0.01523306],[0.01124516],[0.96451485],0.007586433224977336,0.46549581567191145
[3.0374038],3.6816100587258993,[0.0205981],[0.01446807],[0.95459104],0.00880961108066112,0.5320618981673539
[6.5142093],7.068332120785395,[0.07636435],[0.03087153],[0.84521353],0.017085988188377612,0.7775809364398445
[2.7841122],3.5135827130067874,[0.01839712],[0.01319707],[0.9557485],0.008397943368227247,0.5105720302627496
[3.26128],3.9230749718559097,[0.02314553],[0.01548849],[0.9466388],0.009391674567676936,0.5479670675091369
[7.472682],8.106662186236566,[0.09945925],[0.03526379],[0.7914944],0.019645574736174433,0.8415850376839049
[4.7635627],5.547769479760449,[0.0458499],[0.02245048],[0.89314085],0.013350052307719615,0.715798884671293
[6.7857747],8.085336443542312,[0.10502126],[0.03244239],[0.8266968],0.019505088269018665,0.7866198178283881
[2.4868016],3.4284031576916276,[0.01762412],[0.01187801],[0.96178347],0.008154633179609494,0.46876108677022527
[28.971092],33.79610024250672,[2.1652422],[0.1378398],[0.31141877],0.08611309793635555,1.0075670220884867
[3.127254],3.970299966275167,[0.02374597],[0.0148863],[0.94736075],0.009462393300538989,0.5489447227959412
[3.7166586],4.752129930498826,[0.03558557],[0.01790457],[0.93543637],0.011330653751391414,0.6672698467706291
[4.9793997],5.928588282812327,[0.05525986],[0.02380543],[0.8937683],0.014251163106293612,0.6741748737126418
[4.151241],4.832965683382506,[0.03571921],[0.0197866],[0.92583483],0.011587081519838923,0.6802686426950167
[3.2741268],4.0841882290855045,[0.0254621],[0.01558558],[0.9445955],0.009772902690010056,0.5905786370005626
[2.3953147],3.3370928226646734,[0.01650879],[0.01141528],[0.9635877],0.007930382642921022,0.5062869480476121
[2.6139686],3.3992433491410536,[0.01752282],[0.01249303],[0.96241176],0.008109387875754165,0.47591974311718155
[5.2967978],6.194657318760659,[0.0593113],[0.02513489],[0.8813666],0.014921846146596906,0.7379970446716152
[6.257989],7.4850989770046885,[0.09075961],[0.03002099],[0.856524],0.018060489823932945,0.8507487380937337
[7.206265],9.581763716709547,[0.1506946],[0.03440379],[0.7624369],0.02309524652723548,0.9312064028530268
[7.0999265],9.218574548118529,[0.13691364],[0.03393131],[0.78943795],0.022152241297051987,0.8757704363496894
[6.8895006],8.482481012702555,[0.10961255],[0.03241942],[0.7667419],0.020512299211306637,0.8887493295863061
[4.7501426],5.416195579975567,[0.04440263],[0.02248359],[0.9023985],0.013032913978783199,0.6980979199375098
[3.394518],4.106998351025024,[0.02513732],[0.0160486],[0.9393226],0.009833626380959698,0.587021145721954
[4.200355],4.868614710053188,[0.03593362],[0.01991145],[0.9207392],0.011692048397640748,0.645433946418958
[4.0525923],5.033161818927324,[0.03673133],[0.0189136],[0.8955651],0.012084748344379085,0.6917420523979005
[6.134235],6.680027574950541,[0.06809483],[0.0290779],[0.85961634],0.016129131739103162,0.7588106381861041
[4.690709],5.448586397841298,[0.04446217],[0.02213364],[0.89596355],0.013107744219431786,0.7039493930418851
[4.9240236],5.672471868883219,[0.04902938],[0.02334783],[0.8977297],0.01363394764843135,0.7610218074270659
[16.41976],18.802093162076147,[0.5680573],[0.07715254],[0.4463066],0.046577710075392624,0.9843094958655326
[10.02326],12.25908339691112,[0.24336667],[0.04744246],[0.6265379],0.029831084348126802,0.9877312753021557
[[2.5960119]],3.3076722574394033,[[0.0166148]],[[0.01243894]],[[0.9613202]],0.007886403429229565,0.49779744971867584
[[4.811938]],5.717927467102304,[[0.05045924]],[[0.02305406]],[[0.9011762]],0.013644082700234898,0.6802892925344542
[[2.5987358]],3.3369866537136446,[[0.0168722]],[[0.01242715]],[[0.9636411]],0.00794781712821158,0.4961878040593208
[[2.586943]],3.3163241498690073,[[0.01689211]],[[0.01239987]],[[0.9622091]],0.007905847804779837,0.5003273424031219
[[2.4684298]],3.013775193921177,[[0.01373922]],[[0.01180473]],[[0.9701722]],0.007175631718208351,0.49200555256557543
[[4.0404663]],4.754399721460721,[[0.0336389]],[[0.01927146]],[[0.9264424]],0.011302860924098273,0.6779040374920181
[[2.75299]],3.423037118276421,[[0.01791307]],[[0.013208]],[[0.9613993]],0.008149432139122911,0.5441265639884956
[[2.6131816]],3.206179320985941,[[0.01536314]],[[0.01246165]],[[0.9655756]],0.007622475432717772,0.5051266650370996
[[108.91615]],115.74227161024619,[[784.34625]],[[0.51999605]],[[0.10346502]],0.36308793175006304,0.9791429081463952
[[2.2740088]],2.9811622142862646,[[0.01344804]],[[0.01088837]],[[0.9687867]],0.007094056359234563,0.45637687237652985
[[2.3248973]],3.038721531272107,[[0.01395254]],[[0.01111439]],[[0.967855]],0.007236424508176424,0.46093126233855153
[[109.63193]],116.49970242048904,[[72.86145]],[[0.52356195]],[[0.10350889]],0.3660515994817638,0.9799774528708736
[[4.0726604]],4.95291897799549,[[0.03756153]],[[0.01950533]],[[0.9222383]],0.011778414380498039,0.6563328665269962
[[3.0217698]],3.8928205430896354,[[0.02286346]],[[0.01440733]],[[0.9525969]],0.009270067098229884,0.5682768496309937
[[3.6623373]],4.5487115565785405,[[0.03182927]],[[0.01749578]],[[0.9344083]],0.010850419239375858,0.5728228924808177
[[7193.741]],7404.5766928299145,[[-160.40448]],[[1.4345975]],[[0.66255105]],0.5035956054631261,0.9424889310598713
[[2.2021472]],2.7906280312516345,[[0.0106315]],[[0.0105323]],[[0.9754972]],0.006636687691928137,0.43319188510119894
[[2.3781805]],3.0697426303501985,[[0.01422234]],[[0.01137941]],[[0.96712786]],0.007308297595455972,0.45977264022683617
[[3.335395]],4.33470210441091,[[0.02851029]],[[0.01592355]],[[0.94140995]],0.010334350975644216,0.5740490982718514
[[2.8499749]],3.5857849753527233,[[0.01932365]],[[0.013632]],[[0.9584944]],0.0085304201043534,0.5689764677200163
[[2.4941108]],3.0453081846328938,[[0.01390948]],[[0.01186295]],[[0.96934265]],0.0072539175444855004,0.5086346798350491
[[3.17435]],4.28821881999897,[[0.02809037]],[[0.01520262]],[[0.938534]],0.010208949174426964,0.6064666906998453
[[3.9227345]],4.817494562578522,[[0.03526162]],[[0.01872212]],[[0.9269062]],0.011490178627909175,0.6105573372820151
[[3.5236301]],4.287783127937056,[[0.02781306]],[[0.01682417]],[[0.93560576]],0.010207997588245296,0.6083278830487842
[[2.0268135]],2.6061871637687064,[[0.01012951]],[[0.00966296]],[[0.9765582]],0.006197309076542974,0.42979119362646867
[[3.3978975]],4.269119787326765,[[0.02782861]],[[0.01628664]],[[0.9419648]],0.010160015335695272,0.5776770752970819
[[3.4286935]],4.284589147467661,[[0.02805811]],[[0.01642883]],[[0.9403686]],0.010202690107190928,0.5818107866119105
[[3.4927619]],4.658605402244672,[[0.03454181]],[[0.01682878]],[[0.9292406]],0.011091654542940088,0.6357807077494587
[[3.3037665]],4.20552941508353,[[0.02614949]],[[0.01567083]],[[0.94291985]],0.01001799018389546,0.5856482409623815
[[3.3293922]],4.180137196529741,[[0.02655545]],[[0.01584831]],[[0.93541193]],0.009970533844314353,0.6107784760344845
[[3.4664898]],4.444350636339954,[[0.0294332]],[[0.01649479]],[[0.93569404]],0.010579905869126426,0.6497310396724756
[[3.9023094]],4.548724136048387,[[0.03072879]],[[0.01857497]],[[0.92748356]],0.010829447017420456,0.6560815347980921
[[3.898855]],4.670728664036454,[[0.03248553]],[[0.01858525]],[[0.932714]],0.011098224851572304,0.6234993853989755
[[4.6277394]],5.986738171621244,[[0.05578724]],[[0.02213643]],[[0.88744915]],0.014294234510196046,0.7240470729520936
[[3.6981068]],4.433858962676116,[[0.03031786]],[[0.01770005]],[[0.93842]],0.010585500731798892,0.6523715819509177
[[3.7352734]],4.51382547708948,[[0.03046998]],[[0.01775969]],[[0.93469304]],0.010745283469874313,0.6062948139193808
[[3.5550246]],4.557991203751556,[[0.03093468]],[[0.01691678]],[[0.93713945]],0.010836992518779376,0.6609810092012823
[[4.1369767]],5.033411544966879,[[0.0369295]],[[0.01952805]],[[0.919867]],0.0119994148277463,0.6860629383291377
[[4.011953]],4.712229486689872,[[0.03322037]],[[0.01914612]],[[0.9280707]],0.011181726626412763,0.64153925629171
[[4.0425887]],4.702601204025964,[[0.03313783]],[[0.01934467]],[[0.91919225]],0.011160635807891443,0.675329203189705
[4.125716],4.747676080107097,[0.03408456],[0.01956522],[0.92416865],0.011401041094254435,0.633349863019281
[4.1353445],4.90133226150014,[0.03513838],[0.01940439],[0.90798986],0.011772734072686808,0.6735798780920826
[2.8960567],3.6113978410658496,[0.01943265],[0.0137183],[0.9533361],0.008634775156489392,0.5312277399293306
[3.701259],4.599058652009033,[0.0306637],[0.01729636],[0.9143537],0.011031246566193795,0.6510756003972099
8.348110314571496,10.287325124958045,0.15246738152255546,0.03973795520847268,0.8040629949363584,0.024326906227628012,0.8844124080792058
9.490422797925545,13.176112910166227,0.30505171322161573,0.045339668178436994,0.6427552373929566,0.03190276696124205,1.019849012586534
10.587834213719223,12.639124066327906,0.2562481793797815,0.05002076366641135,0.6189321740996453,0.030817369090217962,0.9306916309515254
3.6561787923177085,4.685452220624613,0.03293496496006121,0.017331530729610346,0.9331227794971041,0.01117343666229167,0.7168035591164325
8.473963881983902,10.005451143422066,0.16102597339261138,0.0403983675306804,0.7411821648889573,0.02421335535770956,0.933322214043995
14.688265944972184,20.015796143631764,0.7718147887026703,0.07076289347693973,0.5336268010418396,0.04915543635806444,1.0335447851452988
5.640411839340672,6.932919074161355,0.07579791069609321,0.027068485452687266,0.8725706787636449,0.016587116620578417,0.801225766087699
8.240742076526988,9.672767338930138,0.13957084715548262,0.03847468171663808,0.66512551233073,0.02348223409478248,0.9394540523113969
8.94584609522964,10.482899663117587,0.16527113058080545,0.041792950837671844,0.6279357551127183,0.025490730429193906,0.9242038095989327
12.311184738621566,13.824235988472992,0.29429536871157325,0.057704902485111786,0.5278309266907071,0.03389363345199776,0.9605178813426055
12.0536152232777,13.602289952039948,0.2839441786745738,0.05642432055548963,0.5256188590040733,0.033333517485755866,0.9511183166293202
9.22209560509884,10.56070978556969,0.16775659675204224,0.04315235195893117,0.6470493967297968,0.025705076402273132,0.9407439024458456
5.2653859456380205,6.66416150625756,0.07246397889417722,0.025291533558629453,0.8836724931369967,0.016014717781628336,0.8114485279045267
6.495080427689985,8.558995800968706,0.11449119119626516,0.030892423339096378,0.8097682935821087,0.020449519139900837,0.9082844151830257
20.510233330004144,24.521124610394608,1.0321679204862448,0.09629603337044969,0.3284446754090995,0.06134259698655619,0.986814117405107
11.449148004705256,13.745007568048328,0.2992986669979594,0.053999896635518366,0.5567603382849677,0.0334170891488609,0.9910280002579657
19.387313149192117,21.34172779331268,0.7605981653341587,0.09177741792165872,0.44203009655988423,0.05325365920194468,0.9772889276432708
12.44402382590554,14.967188432513579,0.307348644844744,0.059387769211863284,0.6332461296641081,0.03464754927666533,0.9238994794301082
7.13861083984375,8.975136829189248,0.12254239107210196,0.03350887690303904,0.6994981909083108,0.02163038098045981,0.84625906994532
[2.0150971],2.670917808002199,[0.01065576],[0.00964832],[0.9757682],0.0063530202697887695,0.44786288005322106
[1.9649678],2.581074085660647,[0.01007463],[0.00941716],[0.9764233],0.006146757614170492,0.4362356969636409
[2.278167],3.0134046217269934,[0.01368166],[0.01088825],[0.9683467],0.007169758529747694,0.4587538483801152
[2.3041327],3.0488728551131,[0.01400008],[0.01101523],[0.9676802],0.007251428861484628,0.4627040563413223
[2.3405042],3.0572940408328106,[0.01407136],[0.01119511],[0.9675829],0.007265278446037737,0.4646528132720597
[2.181497],2.9128965443482837,[0.01281197],[0.01043563],[0.9702047],0.006932083715249622,0.4518122495442232
[9.697399],11.3775631877743,[0.19471915],[0.04641491],[0.16366512],0.027132226483470186,0.9911408028986256
[9.872084],11.56358406552353,[0.20129244],[0.04721854],[0.14022917],0.02759059015095692,0.9893928022978419
[1.8707939],2.4962085584047706,[0.00931005],[0.00891969],[0.97822547],0.005941656078995051,0.42665970824887933
[4.2458525],5.147237218121412,[0.04008756],[0.02032779],[0.91506976],0.01225052860461979,0.6639792714121151
[3.8375118],4.59043505167245,[0.03154468],[0.01830267],[0.9279027],0.010936765816337289,0.660475237369124
8.121165188876065,9.100080687353016,0.12551022858588112,0.038257870011765394,0.7409647329304839,0.02208525832549803,0.8946551218975173
3.548796220259233,4.207202531759287,0.02672376658678388,0.016840384203312693,0.9382424386487047,0.01008227729768559,0.5828358812867731
11.425780325224906,12.471244967946387,0.24532911945448177,0.05407469435665531,0.6429009796541613,0.03051873930158547,0.9661449019087469
9.238475221576113,10.395747353333796,0.16347747833788162,0.043391852766614065,0.6742224842383711,0.025302698562833358,0.9182725596964156
8.380794871937145,9.24625933756581,0.1312267653811432,0.03959005420575991,0.7485290572168315,0.022458772388015216,0.8649948964068586
4.293296351577297,5.181324528501112,0.03927463170393519,0.020121291549554426,0.8910976059344845,0.012445475532658864,0.7128324650596647
3.856602755459872,4.772348369558517,0.03421318873905932,0.01821974033064731,0.9191997326658832,0.011454064632244474,0.6633253082674332
4.854274171771425,5.666785472372801,0.04807444879452305,0.0229701255871491,0.892376838954015,0.013612331625963824,0.7063661581009161
4.6953481038411455,5.544395705857748,0.046709838740753185,0.02224717198899298,0.8998204871863326,0.013317591752153312,0.6965067312128845
5.5695733735055635,6.433967335473811,0.06267995851976593,0.026417945051269435,0.8701733812968888,0.015487309678266378,0.7524403823138232
3.7402852376302085,4.698883351712493,0.033167141141106526,0.017969706625577106,0.9126812035288944,0.011156720846512532,0.6589502968429598
3.6528301816998106,4.755560281697089,0.03414455323977883,0.017563618643951926,0.9122080280716526,0.011303015162798654,0.6659366125669771
9.652460040468158,11.520806030578365,0.20853502175850736,0.04560969848975991,0.6628189539515026,0.02805060482457992,0.9372633678980737
2.6948970447887075,3.3331985044569437,0.016855509452471884,0.01287196902595414,0.9583385809741005,0.007951289824358434,0.5192973704599332
4.808205575654001,5.732973601507733,0.04886580056063394,0.02258469582408328,0.8813792910766092,0.013797284933595807,0.7807582542368705
3.227240128950639,4.152173670847003,0.02591563553647802,0.015356562783849906,0.9308384797318536,0.00989498514874757,0.5539842852182026
5.028974590879498,6.243421842966413,0.0568047048377025,0.023505722834890934,0.8216704449702884,0.015015469277349862,0.7775919503993859
4.022807959354285,4.818497273558549,0.035216250748021594,0.019059341566665382,0.9138470402357212,0.01154740183071219,0.6078125985412736
13.010807152950402,14.599147932717377,0.3407651505785907,0.061570858697505726,0.5802255939851456,0.035814645720180255,0.9590919893412625
6.395162409002131,7.422746991247061,0.0851506306698866,0.03036228211413166,0.8300758588224657,0.01787769879695084,0.8020791580095505
3.671967939897017,4.4261050528707635,0.028974544214001696,0.017334666893778678,0.9282676461835291,0.010593077503336205,0.6498905175005601
13.069068677497633,14.546423977164775,0.33268399428925477,0.06161398001748956,0.5670374975038361,0.03574089628528061,0.9617136162338511
[2.5270605],3.187733510757747,[0.01564358],[0.01211029],[0.9660203],0.0075961081592119135,0.4764480210388212
[2.4987307],3.1428051114419837,[0.01514424],[0.01199113],[0.96583796],0.00747912133112481,0.4846938981040444
[2.721661],3.3759877207745164,[0.01756145],[0.01305177],[0.9626013],0.008049097935774581,0.48353547876403835
[1.9797137],2.514278549100525,[0.00951102],[0.00944903],[0.9787016],0.005981456991050078,0.4367738501913013
[2.6713402],3.1941093287474835,[0.01554033],[0.012791],[0.9650546],0.007595452788171758,0.526659323279107
[2.2723336],2.73327152329626,[0.01119756],[0.01085969],[0.9752546],0.0064938343136260995,0.4506799915473029
[4.2766447],5.283476230522024,[0.0437156],[0.02048341],[0.9253132],0.012636371505687886,0.6541630354957154
[4.4983206],5.448709268577416,[0.04621984],[0.02145258],[0.90876037],0.013034349105434787,0.6861705877230077
[3.0390065],4.42159699014251,[0.03053527],[0.01467966],[0.93298185],0.010512813459357083,0.6500578429957043
[3.540202],4.384896556369214,[0.02985312],[0.01696392],[0.94354045],0.01045514968635158,0.5820010772016936
[[1.9407374]],2.560327213505349,[[0.00978121]],[[0.00927638]],[[0.97792023]],0.00608641667176446,0.4434579343798876
[[2.382301]],2.9721538104050196,[[0.01349932]],[[0.01140763]],[[0.97093385]],0.0070807107999296594,0.48569235665193855
[2.3993676],3.03207229000665,[0.01406151],[0.01148907],[0.9695222],0.00721669996121277,0.45829235381066835
[2.525025],3.2857957142756375,[0.01636009],[0.0120522],[0.9647471],0.007812555732723096,0.47007743000226127
[2.2978802],2.931517982840259,[0.0132088],[0.01102557],[0.97085774],0.006983134686299469,0.4971872438289949
[2.747081],3.5060859628204386,[0.01915648],[0.01318114],[0.95793283],0.008356116482358358,0.5591642723617497
[2.403637],3.1283266290244964,[0.01496106],[0.01149715],[0.96763575],0.007440799862228493,0.4598147015815903
[2.2464619],2.77788983648822,[0.01167477],[0.01073756],[0.9728518],0.006617471042287176,0.48189678148943876
[2.5893533],3.2929657091011317,[0.01677123],[0.01239636],[0.9634284],0.007852213171647556,0.5363466653745691
[2.5252354],3.1727492156565447,[0.01545559],[0.01211729],[0.9658135],0.007552208102893685,0.521649953207906
[2.2633336],2.833705223210986,[0.01228934],[0.01088284],[0.9716605],0.006744040240008006,0.484527290111236
[2.1490583],2.768588875588073,[0.01157075],[0.01026336],[0.97454906],0.006588745424651587,0.4631655371273042
[2.5541465],3.160850118654033,[0.01526953],[0.01223246],[0.9653187],0.007526412049253406,0.5299430557219749
[2.6960356],3.237473629877221,[0.01571551],[0.012913],[0.9637403],0.00768682572426722,0.5510519519124693
[2.4876428],3.1773279981783142,[0.01510515],[0.01180987],[0.96584654],0.007568801596587402,0.5019339115872432
[2.8205197],3.6758715368162393,[0.02079659],[0.01351577],[0.952367],0.008759778045629392,0.5436168656352548
[2.5853815],3.2593375828351743,[0.01627078],[0.01235153],[0.9635347],0.007771587973470375,0.5039358304348026
[2.9523747],3.536566049604867,[0.01876364],[0.01406434],[0.9588279],0.00841109948168722,0.5345639692737575
[2.6358619],3.255397569369333,[0.01613646],[0.01259464],[0.9639399],0.007751356058145307,0.5078113513415097
[[2.1735923]],2.645832051754939,[[0.0103922]],[[0.01034912]],[[0.9772695]],0.00629589159011386,0.4582739774317198
[2.739201],3.458538386382399,[0.01839688],[0.01314861],[0.95831734],0.00823170595988049,0.5165609042953444
[2.1996105],2.8542207216216435,[0.01242324],[0.01055415],[0.9716225],0.006794509107327132,0.4895347339465686
[2.491815],3.094263515817983,[0.01470932],[0.01196509],[0.9683191],0.007365597782696319,0.4748772880292865
[2.2379675],2.8190832444343132,[0.01207415],[0.01072904],[0.97291833],0.006705169573815195,0.46119298974756207
[2.4193816],2.9824794321558064,[0.01364694],[0.01159596],[0.9698456],0.00711509687729989,0.4720120939607357
[2.119706],2.7561950262906323,[0.01156057],[0.01012804],[0.9742414],0.006568291107265774,0.47176706811996943
[1.9794658],2.6782858160425205,[0.01068185],[0.00941966],[0.97509027],0.006378754877751947,0.45139126588073725
[2.2940493],2.869338224188218,[0.0124866],[0.01095044],[0.97211105],0.006838961305631061,0.4824591238634858
[2.4645205],3.080171011598765,[0.01455995],[0.01183641],[0.9660515],0.007335766627764416,0.4951333433136281
[2.9047496],3.683557115779192,[0.02077101],[0.0138282],[0.9509941],0.008803028915359066,0.570894860633577
[2.147806],2.7387561685552733,[0.01149973],[0.01032406],[0.97415876],0.006514792261986155,0.4486545434740004
[2.3869035],2.885625030669604,[0.01267252],[0.01145573],[0.9712343],0.006859841212494001,0.48617249455503164
[2.6707907],3.2937073156497303,[0.01647203],[0.01280133],[0.96349597],0.00782188456740772,0.4960259027464351
[2.242244],2.856415765071538,[0.01235742],[0.0107273],[0.97166324],0.006801231184807076,0.48433620678861145
[2.2136395],2.764406787224685,[0.01127928],[0.01053749],[0.9752306],0.006565189933948404,0.4528335458743942
[2.2108116],2.6987192047750956,[0.01070542],[0.01050279],[0.9766003],0.006414062986423515,0.4448735052267466
[2.020281],2.624392302879206,[0.01022352],[0.00962056],[0.97706336],0.006237375650681872,0.4285421542080168
[2.6366978],3.433566947198787,[0.0183088],[0.01274862],[0.95876527],0.008156057427317346,0.5691543626721849
[2.4524403],3.039813343642101,[0.01416692],[0.01177],[0.9684652],0.007228645894163164,0.4760333426553395
[2.5615368],3.263044295819021,[0.01633437],[0.0122914],[0.9634881],0.007765129746981276,0.4950769334591449
[2.519743],3.1620630799286333,[0.01529162],[0.01208201],[0.96607995],0.007526286422293298,0.4703762767485742
[2.2324302],2.8996576172861084,[0.01273274],[0.01067174],[0.97101474],0.006910572838261109,0.49026613871302976
[2.3610878],3.0340704626603014,[0.01414352],[0.01134846],[0.9665248],0.007227448834931225,0.5218257166080483
[2.2762492],2.8148686924829036,[0.01190044],[0.01088161],[0.97268593],0.0067009286365543475,0.45066728233937164
[2.401617],3.0070152910641075,[0.01383868],[0.01149577],[0.96896315],0.007160299765145785,0.5065508255925241
[[2.2064562]],2.8007820161315635,[[0.0118235]],[[0.01056807]],[[0.97415036]],0.006653347421712869,0.45359198252557126
[2.150949],2.6526935779286287,[0.01059007],[0.01026039],[0.97612506],0.006316602825691184,0.45973522911313547
[[2.0200832]],2.5282389309819133,[[0.00952062]],[[0.00964243]],[[0.9781425]],0.006010945534023544,0.435127142463868
[1.9511441],2.4428546484836473,[0.00907264],[0.00936966],[0.97987264],0.005804365364799843,0.42803168194415914
[2.3517299],2.867606898928482,[0.01247946],[0.01125954],[0.972242],0.006813925637880912,0.4604937336580364
[2.1305304],2.7512396705915356,[0.01125097],[0.0101477],[0.9736933],0.006545226531426921,0.448010312490574
[2.0406055],2.7073985809746275,[0.01092337],[0.00970847],[0.97425795],0.006451839821948545,0.44431372854626716
[2.0648737],2.6754732052098102,[0.01064569],[0.00984234],[0.97598124],0.006366264037031114,0.43985876618547554
[1.9621562],2.6545284302166765,[0.01046679],[0.00934694],[0.97595],0.006316188747266184,0.4420165673341427
[2.2596602],2.9232034366272184,[0.0130612],[0.01086535],[0.97072357],0.006958624630422162,0.45170222631985285
[2.2146075],2.870355918692939,[0.01265998],[0.01065625],[0.97141343],0.006834037851690686,0.4504428200789493
[2.3604584],3.097291095083823,[0.01464655],[0.0112526],[0.9669629],0.0073817674322772114,0.5277881523659689
[2.3314672],2.941383230010352,[0.01310917],[0.01115038],[0.9709531],0.007002454208104735,0.4855998729252328
[2.1341307],2.7753369341602494,[0.01178875],[0.01026017],[0.97339386],0.006599084951219395,0.46367585338166134
[2.2550583],2.787393022203631,[0.01171598],[0.01079051],[0.97371536],0.006623736572320827,0.46988797136106314
[2.2695782],2.78355320920498,[0.01176417],[0.01087572],[0.9740535],0.006618144893321172,0.45155375610651266
[2.0950537],2.7068255898214346,[0.01118912],[0.0100477],[0.97521],0.006438963471954615,0.4465013004723381
[2.3562524],3.026346231826851,[0.01368561],[0.01124819],[0.97019994],0.007197199796246748,0.4902465375653006
[2.1593647],2.7139455503259966,[0.0112131],[0.01032495],[0.97566825],0.006464076710444693,0.4433303610161308
[1.984628],2.6055923729983737,[0.01020112],[0.00946908],[0.9773183],0.006200397943566715,0.4496976601781351
[1.9150007],2.51217006585717,[0.00942335],[0.00914908],[0.97872835],0.005974944154412877,0.46249824363020675
[2.2313657],2.9474652667017276,[0.01283068],[0.01067064],[0.9703758],0.007000332812077947,0.49556365276054665
[2.3687263],3.061843646033603,[0.014118],[0.01130091],[0.96778166],0.007287993952919118,0.5138539373233789
[2.337565],2.9482784161611435,[0.01329545],[0.01119615],[0.97027016],0.00702151982067383,0.46266447149831164
[2.6050408],3.1370768835479654,[0.01487639],[0.01244971],[0.9669052],0.007461537963386966,0.5080340359703488
[2.0951922],2.681421280660893,[0.0109489],[0.01002862],[0.97472245],0.00638407931952746,0.4701408927518459
[2.0720055],2.6536533903414283,[0.01065193],[0.00986706],[0.9756097],0.006325143306033281,0.4473584352120902
[2.1272793],2.702687134311273,[0.01108237],[0.01016598],[0.9746695],0.006440067998444111,0.4533082996475961
[2.2716794],2.8854171440775964,[0.01261211],[0.0108183],[0.97206074],0.006879392055057358,0.5326511100061174
[2.6750274],3.373086174767438,[0.01767204],[0.0128843],[0.9603758],0.008026128348331954,0.5996765306629114
[1.9512093],2.5945153083989227,[0.01020132],[0.00933693],[0.9768288],0.006180801337128221,0.4491561447287871
[2.216741],2.91519985554231,[0.01309311],[0.01064482],[0.9706017],0.006943802475887972,0.4848991083665067
[2.11839],2.650905213407294,[0.01066649],[0.01013816],[0.975968],0.0063091767826340735,0.440723275918541
[2.2309835],2.876590951989163,[0.01243086],[0.01068022],[0.97258514],0.006833624490289913,0.4796366583893471
[2.4953632],3.0872163464677143,[0.01438313],[0.01195315],[0.967901],0.007336884567210073,0.5145703674109631
[2.8589408],3.55762925042561,[0.01943529],[0.01374025],[0.9563533],0.008459501269783527,0.5566699429018099
[2.153812],2.972965820875633,[0.01352973],[0.01034291],[0.97030044],0.007078778900239732,0.5075185355571401
[2.5028884],3.1417991758644286,[0.01491554],[0.01198483],[0.96666753],0.007473826726754147,0.5130438887947374
[2.0534577],2.7408034263302152,[0.00487824],[0.00957887],[0.9765225],0.006467223383451659,0.4871760522350149
[1.7836614],2.5173562294631338,[0.00413009],[0.00835315],[0.9802629],0.005929274761265828,0.4577609044032037
[1.9514995],2.6410979801016143,[0.00453122],[0.00912065],[0.978151],0.006227154732523828,0.47263053510234915
[1.6421982],2.3767642445304435,[0.00375188],[0.00773171],[0.983184],0.005593373651834461,0.4424471886622792
[2.8126974],3.555290690795498,[0.00831443],[0.01332971],[0.9635379],0.00831946795440253,0.5741093049194704
[2.427983],3.239491566690171,[0.00683504],[0.01145518],[0.9703863],0.007587815075974866,0.5367929763978879
[2.6097367],3.1634900740878797,[0.00672533],[0.01226296],[0.97073925],0.007482138220815378,0.5810330257353905
2.628251647949219,3.289849456438904,0.007096055874953322,0.012293572696701933,0.9680039301247989,0.007770189266006288,0.5574578134315173
4.12184804280599,5.01157981933293,0.01725625261684982,0.019518491719645682,0.9193418441628063,0.011839515411159504,0.7821287747630924
2.06783447265625,2.6005799837330175,0.004483496157120562,0.009774334843488457,0.9794522165514933,0.006105154637118505,0.4836075116954775
7.5725555419921875,8.93270983798939,0.05792989725274822,0.0360111819813028,0.8298166534773493,0.02136672366555536,0.9314652722419045
3.4136962890625,3.96027541800883,0.010471785697319547,0.016031914594350383,0.9515419709694085,0.00937709643335019,0.6823313717833352
2.3838348388671875,3.1666037462936316,0.006662868307877545,0.011217134913507228,0.9690350931207223,0.0074643592935640735,0.5797944507654186
2.5061518351236978,2.9674220420751274,0.0059904184146901684,0.011866471406149989,0.9760675061883134,0.006996625267833231,0.5912994079970169
5.823868815104166,7.44050172075887,0.040252333077660296,0.02774813959840685,0.8728430494620946,0.017703230747306203,0.9129357672334464
2.8006556193033854,3.61127058120526,0.009073462526032472,0.013373736136903366,0.9674577103825204,0.0085199663239407,0.6120527184614746
5.054246012369791,5.663906269198892,0.02244560937759843,0.023950967895022282,0.9175200877247387,0.013476923859018195,0.8064775593729594
1.8797922770182292,2.513296683138532,0.004160140257244649,0.008845226038829423,0.9814253760253919,0.00592384015093666,0.464107233825356
2.9305043538411457,3.6585276887251323,0.009052021078218786,0.013851210816452901,0.9629856407926064,0.008627813028403587,0.5998624444029675
9.309759012858073,11.481405166902316,0.10144989251693914,0.044672967912629244,0.790717393147963,0.02751386568453188,0.9762262084871783
6.0344690958658855,7.6099115043534304,0.04280968396915341,0.028844097489491106,0.8747404646654043,0.01809615747915875,0.9463349818410012
2.759857177734375,3.5915100731553706,0.008697617237018562,0.013009557928307913,0.964079755468284,0.008482930648375662,0.6153068142630199
4.907874552408854,5.582433844880546,0.022169504320864064,0.023335843806853517,0.9223073469144264,0.013279900655051198,0.8351073551144966
4.986914571126302,5.699912825337904,0.023282842129646042,0.023788923632431156,0.923367842101322,0.013556239583083867,0.8229926824902267
2.4207005818684895,2.8706047624350415,0.005604648625817887,0.011462035471534666,0.9774424305047376,0.006777145025935837,0.5486487746697001
3.803180440266927,4.564488252861802,0.014448561537847127,0.018085682101082058,0.9467659932981916,0.010779992647677665,0.7184729188064285
3.950794982910156,4.534793148077187,0.014020846419384725,0.01861803261951233,0.9428305357368995,0.010756816972541784,0.7149958759984525
2.4098658243815105,3.279910646704176,0.007134073440067112,0.011385218291252386,0.965365806804303,0.0077186394193525815,0.581354590569004
2.726959228515625,3.1670906546411524,0.006710528383337078,0.012856404157355427,0.97148872880541,0.007491687602962174,0.552842352602385
3.8480127970377604,4.8739704772660675,0.01588074248888982,0.01840779257605997,0.9226240783464559,0.011400295684286337,0.701069843911772
2.628742980957031,3.1535860949778263,0.006572928000053935,0.012332612545772765,0.9697562496190572,0.007446596851765019,0.602014458940722
3.19400634765625,3.751080976954849,0.009571977972665735,0.015106067676970269,0.9607222215656088,0.00888508661027808,0.6404962384963253
3.927411905924479,5.270788784247538,0.019257577854801866,0.018912072296370753,0.903645124651827,0.012393935814954614,0.8163969057345856
3.9974319458007814,5.242615454069894,0.018594330262828862,0.01877767545908379,0.9229621444635928,0.012385953739886206,0.7416701113353773
2.740300496419271,3.384065815560875,0.007981595429612298,0.013044268065520252,0.9690741481079942,0.007993356590342686,0.6012957257482942
4.0843963623046875,4.9817656198486935,0.017567628920247103,0.01942893853605104,0.9386822754294559,0.01181108516615591,0.7643600463913449
3.4780649820963543,4.176356514718753,0.011644759875949262,0.016318568413650307,0.947654276041231,0.009886448662865024,0.7146092578713252
3.0468795776367186,3.803161686313761,0.010218247829499205,0.014540424662603376,0.9637315910516953,0.008986528362877723,0.6635091160409792
7.861571248372396,8.759425843042917,0.05564938353158766,0.0373410125253334,0.8342122600686771,0.020983193618522116,0.9355310823467629
3.5900416056315105,4.043956700013964,0.01082183604103193,0.016798930428922176,0.9501435318753207,0.009589625064846046,0.6812307473742075
3.113142395019531,3.709288689113476,0.009424135364952235,0.014730982560043534,0.9624893540713495,0.008777741257028869,0.617085799832586
2.097029622395833,2.7825331415914514,0.005065419290247064,0.009826072352007031,0.9749295339301258,0.006554705618029027,0.49160018563812535
2.816603597005208,3.457515985072885,0.008230340059664165,0.013396526156914964,0.9694151633121076,0.008162258940183248,0.6054872765655609
2.6691930135091146,3.424728006549249,0.007851873559559408,0.01256947626437371,0.9628397131052825,0.008078447346792242,0.5485718593880822
3.1910919189453124,4.089046564719934,0.011489617987109568,0.01536269571709757,0.941733106428947,0.009573512891633685,0.6866458185679986
2.256359354654948,2.8167740864154927,0.005223891173017137,0.010577384588638475,0.9768124217578495,0.006642466743664433,0.49324114883587944
2.1415374755859373,2.925726043673083,0.0055972679995139885,0.010037103529612068,0.9727216553455305,0.0068866135490164605,0.4996046067090374
2.0134511311848957,2.6512340636931646,0.004678487583916535,0.00955309768517812,0.9775701226790855,0.006232414980923937,0.4687418660504578
3.9778513590494793,5.006794965298725,0.016112077777250988,0.018323626811616124,0.9079792453891354,0.011887955985279556,0.7722789539459516
2.3926539103190105,3.1532703749381628,0.006578685380894456,0.011327662254916503,0.9700671745429376,0.007404395767893531,0.5223513131889544
2.8920328776041666,4.057333881764446,0.011086405806449262,0.013797219139451044,0.9469248610670676,0.009523138050438008,0.629424395597445
2.0646962483723956,2.764485532011789,0.0050541444883265285,0.009763174862988914,0.975070150782082,0.006501397691382581,0.4897954345272969
5.822156270345052,6.387317731263645,0.02683746007460286,0.027108999465902648,0.8730353299111265,0.015241939054957025,0.8428371406284414
3.0282801310221354,3.8025826418554063,0.009239480760896868,0.013977766178140883,0.9497546922813447,0.00900256360839017,0.647201436140475
2.4698028564453125,3.1620685574954503,0.006492223237390959,0.011484985760277292,0.9667453191382077,0.007467519424491055,0.5330218078604054
[2.2709239],2.7344034247964535,[0.00497347],[0.01073979],[0.977191],0.00641882650602173,0.5037026968732593
[2.3834076],3.020053280493012,[0.00611342],[0.01130993],[0.9715101],0.007091614753982988,0.5504730629306226
[2.2418268],2.775855071838639,[0.00512708],[0.01060173],[0.97635233],0.00652110025544205,0.5129182884508883
[[2.2155232]],2.8977206184188407,[[0.0056797]],[[0.01057869]],[[0.9752422]],0.006798701168807179,0.5302045013387159
[[2.1017222]],2.747696084825731,[[0.00505242]],[[0.00997464]],[[0.97703755]],0.006451477798856511,0.5032926978487003
[2.3378341],2.9314294951248097,[0.00574051],[0.01109558],[0.9744066],0.006886321579054448,0.5361119538249142
[2.1654108],2.8573414392942276,[0.00552162],[0.01030381],[0.9753485],0.006719638366141625,0.5340401750586752
[2.0472193],2.885276836950362,[0.0055379],[0.00968575],[0.97589463],0.0067808288519221865,0.5314101417300563
[2.224702],2.9271053073551485,[0.0056862],[0.01049926],[0.97503024],0.006878283249411436,0.5695282373395526
[1.9304987],2.7241254260501715,[0.00502493],[0.00920855],[0.9774583],0.006404646326466988,0.5533554175388404
[2.4160457],2.9118950276894795,[0.00565636],[0.0114611],[0.97484344],0.006831536570149632,0.5531422978604011
[1.8351263],2.418367565586649,[0.00393284],[0.00870384],[0.9824141],0.005687393590429961,0.46673190183997343
[1.4221578],2.098762320050084,[0.00297916],[0.00677377],[0.98690367],0.004934499324385175,0.4102966619434017
[1.7684743],2.372098957892342,[0.00376638],[0.00836443],[0.9832502],0.005577962517163065,0.4829731491346672
[2.111561],2.5175379712178003,[0.00428603],[0.0100446],[0.9805891],0.005911210625002889,0.5000003556513394
[2.4688869],2.984900622989981,[0.00600172],[0.01174225],[0.9738903],0.007012119447855011,0.5942440815137267
[2.2527528],2.7572364097355058,[0.00509644],[0.010692],[0.97738457],0.006469220070182055,0.5270088634756814
[1.8303126],2.2829010097047755,[0.00347957],[0.00862664],[0.98471946],0.005369200581716759,0.48025645849790083
[1.8828506],2.3939427310655494,[0.00384704],[0.0089401],[0.9826191],0.005623741389019102,0.463284762664191
[2.2114584],3.0453366822270533,[0.00639263],[0.01055297],[0.9736939],0.00716245923533936,0.5691949444811778
[2.0229793],2.6186857120024634,[0.00458424],[0.00961601],[0.9796573],0.0061410348073075325,0.5091023186328483
[2.262825],2.7791585881136296,[0.00512662],[0.01071255],[0.9774123],0.006520461788303982,0.5303737532001804
[2.317219],3.127368944625515,[0.00654542],[0.01099401],[0.97217166],0.0073447731605630895,0.5498635649469982
[2.3654084],3.05152311597529,[0.00626445],[0.01120352],[0.97362316],0.007180651314049044,0.5314290723150973
[2.305632],2.9572542577627905,[0.00588378],[0.01092585],[0.97445303],0.006949164099681981,0.5702902172510192
[1.9015554],2.5288946236904994,[0.00433245],[0.00903418],[0.98049265],0.005944154508954083,0.5011874396187666
[2.0050187],2.731416595057073,[0.00498116],[0.00950158],[0.97874624],0.0064113470322682605,0.4945406548065528
[2.102399],2.6360036826969058,[0.00470662],[0.00997596],[0.9792702],0.006197663388128434,0.5084565495872896
[1.8800751],2.389598950371322,[0.00381178],[0.00886836],[0.98287934],0.005627352978609307,0.45262999165877754
[1.9085693],2.5649392218574127,[0.00442931],[0.00905305],[0.97974247],0.0060321482769573435,0.498843360634931
[2.2372997],2.955343553481389,[0.00589864],[0.01065528],[0.9746195],0.006938527001378545,0.5221112465786223
[2.1266968],2.8917260624688033,[0.00561821],[0.01011189],[0.9745534],0.006799803414686363,0.5427773021138884
[2.7830567],3.378084539264662,[0.00777077],[0.01326528],[0.964438],0.007931415838896349,0.5962972361552742
[2.1297204],2.6351880865268975,[0.004753],[0.0101209],[0.97843415],0.0061966169314477074,0.5313996814060269
[2.2925055],2.9170902671199395,[0.00568884],[0.01083839],[0.9736382],0.00685774638008068,0.5390184742548856
[2.20489],3.064610902068826,[0.0064534],[0.01057292],[0.97026753],0.0071950544255135135,0.6049461684132045
[2.1134775],2.8375721993692604,[0.00539532],[0.01002296],[0.97619414],0.006663824712479819,0.5609736763598684
[2.3186743],3.144321827993376,[0.00681513],[0.01114347],[0.96824753],0.007377755057278828,0.588160044286036
[2.434082],3.4038185050534406,[0.00800813],[0.01169631],[0.96416533],0.007978996071593488,0.6248045722734376
[2.794575],4.406362112796882,[0.01342711],[0.01349784],[0.93915325],0.010341119687653305,0.8108310118800097
[2.7141023],3.461767230666147,[0.00819934],[0.01298817],[0.96129036],0.008121784986599304,0.6116351524166213
[2.099498],2.7281819865249313,[0.00509223],[0.01002463],[0.977048],0.006405797424845906,0.5284871899850698
[1.8792648],2.6089290763247988,[0.00461917],[0.00894195],[0.97981536],0.00613441231853684,0.5107649842003849
[2.0871012],2.5663677892023906,[0.00439952],[0.00982382],[0.979379],0.006043617775363465,0.5097945270346056
[2.2830057],3.14338691692723,[0.00679193],[0.0108998],[0.9691301],0.007388106799577644,0.5892587402882391
[1.9327291],2.5413367781714156,[0.00435321],[0.00918144],[0.9801172],0.005973476423763617,0.4967078383077284
[2.042874],2.652803136849706,[0.00471315],[0.00966086],[0.9788533],0.006242854969039792,0.49147636759794394
[1.9251415],2.703634489698624,[0.00504249],[0.0092246],[0.976913],0.0063583176226767206,0.5312694162000579
[1.648322],2.053341152477652,[0.0028616],[0.00781926],[0.98726803],0.004830775279641017,0.4202381242106229
[1.8848013],2.4813895851672436,[0.00420212],[0.00897461],[0.9808114],0.005828784499427674,0.5241926125368055
[1.933929],2.4323714663194016,[0.00396449],[0.00913917],[0.9817795],0.005719629735558121,0.48572161396572633
[2.1126277],2.673127444116538,[0.01085012],[0.01012243],[0.97581947],0.006358552897754444,0.4381959951082964
[1.6407253],2.180123343696794,[0.00322965],[0.00781315],[0.98541623],0.0051252301663838404,0.45275001171040075
[[1.9450256]],2.5661501125214587,[[0.00976842]],[[0.00925431]],[[0.9770645]],0.006105791259885905,0.4429409964153649
54.53861629601681,55.18371497415448,6.103580933064222,0.2587134896805792,0.20047150756122945,0.15102687223349484,1.000522474159872
55.79926207571319,56.34141262888453,6.413427099585533,0.26483125307343225,0.1988902865954839,0.15473048066359263,1.0006442921436478
52.94028680974787,53.727048754414724,5.741817515343428,0.2510395917025479,0.202401217493836,0.14638732026252915,0.9980464547749979
54.786936300772204,55.719263118437425,10.849377401173115,0.2670077307632676,0.25825341243044464,0.15781286779847137,0.9988363341903665
[[8.022994]],9.860939542564358,[[0.14721449]],[[0.03854925]],[[0.43793583]],0.02345879504318069,0.995378839153142
[[8.006923]],9.72684683633095,[[0.14316496]],[[0.03855709]],[[0.45781225]],0.023098052353859238,0.9849720647391008
[8.0578165],10.099241670145918,[0.06888494],[0.03867877],[0.33326453],0.023614837266879206,0.9974331306304287
48.389380900065106,49.31199269648223,2.0696116015315056,0.22652148306369782,0.23034476765031198,0.13107051393778194,0.9992732365091032
59.59676982738353,60.60760391551475,13.303381633013487,0.2904803679773101,0.23783400315666414,0.17402405001393,1.0006747774426608
51.19778035481771,52.08444407669766,2.3508582077920437,0.23976754049460094,0.2217891256171286,0.1394810305260114,0.9973686172571398
53.88464508056641,54.394286944020486,2.6194566935300827,0.25305845389763515,0.22668078889871734,0.1467002537912934,1.0056823895238551
4.189582316080729,4.7099537770739355,0.015600483280195476,0.019936483097262682,0.9435747740874337,0.01117720735682748,0.7216583950037712
2.147235616048177,2.772368636387245,0.00510349246022912,0.010095217513541381,0.9774644990259601,0.006540937265819147,0.46629033828817645
4.851001315646702,6.137084996314449,0.0938305908414157,0.023765741235500307,0.9366832226417628,0.0149271195604802,0.69044613338931
8.547760998761213,10.137666124083827,0.27835347872905913,0.041554219564811014,0.811430373020614,0.025347378256603152,0.8650931327038099
4.247136151349103,5.339607421912665,0.07601034363901661,0.020899138604182486,0.9459136866939124,0.01314301989774699,0.6468560009404578
4.238964363380715,5.085700794786207,0.07093688146545674,0.020935828678409086,0.9529235010221135,0.012545351878751294,0.6221294695689642
5.894802658646195,7.120085697894923,0.13687083625189445,0.028902986900060636,0.9000180984082288,0.017644294042846047,0.7359115121756137
3.9701790986237704,4.8989467272153036,0.06314989718876518,0.019582874038153224,0.9555484427497987,0.011996324276474037,0.6013948408132056
6.770271809895833,7.492960379092745,0.04018280955006048,0.03218998727000629,0.8733168105716645,0.017901393806986066,0.8470624415943361
59.61421924167209,60.67037798809316,13.300932303071022,0.2904039346785457,0.2366750232788889,0.17422851119383362,1.0
3.3621333086932146,4.175030947697863,0.046108137101249724,0.01653723605057975,0.9643295313282585,0.010264472507859114,0.5711843791649525
[2.1381302],2.7635420374481225,[0.00515161],[0.01013605],[0.9767323],0.006492932778386111,0.5047952054479581
[2.2814822],2.851925677857241,[0.02141728],[0.01124009],[0.9838192],0.006987183978383207,0.433304060484258
[[2.0200093]],2.6019970413531315,[[0.00453419]],[[0.00955541]],[[0.9803425]],0.006115947826654308,0.48421738600268704
[[2.1501393]],2.7768578298768976,[[0.02032929]],[[0.01058025]],[[0.9849085]],0.006796513159533967,0.43354558824240924
[8.017419],10.112588692972842,[0.06910673],[0.03852903],[0.35359907],0.02363183177746081,0.991921928906502
[7.2525077],8.908403745205852,[0.2030317],[0.03555804],[0.7785226],0.021797149693346313,0.9900712831502667
[7.288979],8.979061353262074,[0.20620191],[0.03571597],[0.77508336],0.02197549245601073,0.9921563155993082
[7.4185405],9.068308685312239,[0.21071263],[0.03649418],[0.77148813],0.02215177591602673,0.996068457232642
[7.3386955],9.051610678978028,[0.2094079],[0.03589819],[0.7707236],0.022170349271247967,0.9928639562224422
[8.092607],10.220150912788704,[0.07063551],[0.03895091],[0.37568212],0.023860452230409578,0.9921938089812005
[8.05814],10.195691893084595,[0.07029841],[0.03877684],[0.37201107],0.023809413058563923,0.9935889938423873
[8.058143],10.180972763979797,[0.07004365],[0.03874205],[0.35577542],0.023785290368287745,0.9934052887585377
[8.027997],10.141040293884425,[0.0695369],[0.03861631],[0.37039804],0.023684923218788748,0.9922574719467434
[8.183132],10.310746107364265,[0.07193957],[0.03945158],[0.40588903],0.024042694754628335,0.9894976117225893
[8.088875],10.207113844504134,[0.07044218],[0.03892205],[0.37175697],0.02383328596685809,0.9931590648010585
[8.04394],10.061769826234986,[0.06833507],[0.03857568],[0.3153764],0.023540659744660065,0.9935326536142011
[4.1922555],4.806163034036737,[0.01563662],[0.01990824],[0.91916025],0.011284623658803714,0.685378596370175
[4.1387944],4.799846511612031,[0.01546995],[0.01956527],[0.92166895],0.011281258196586588,0.6921311706584738
[3.9878726],5.207338202458637,[0.07194982],[0.01976523],[0.9427186],0.012733146670853148,0.6726215962608657
[4.223898],5.4243647330879545,[0.07765189],[0.0208279],[0.93781734],0.013294186133477964,0.7213154396890018
[7.5022235],9.213006768334587,[0.21724825],[0.03683748],[0.7628854],0.02252392318797801,0.9996519979865629
[4.3678784],5.707773816979855,[0.08629223],[0.02164575],[0.928568],0.013958950983474046,0.7442211729973973
[7.5028687],9.21339100394116,[0.21726769],[0.03684123],[0.76286924],0.022524670701650262,0.9996614749192696
[4.5284586],5.8332294273204965,[0.09013962],[0.02242512],[0.92748123],0.01427447808289787,0.7446825770266605
[4.761111],6.002445358415328,[0.09505963],[0.02350434],[0.9218908],0.014700427613475295,0.7652640497141135
[4.4718394],5.818696687415208,[0.08965293],[0.02215636],[0.92779213],0.014237751041445666,0.7448391657698421
[7.5021453],9.212962464276302,[0.21724592],[0.03683705],[0.7628872],0.022523837559247268,0.9996507348618224
[4.6773124],5.972990596736376,[0.0944251],[0.02316291],[0.9238836],0.014614341347649114,0.7565200164078221
[4.0299673],5.372950140839052,[0.07616386],[0.01991923],[0.93915147],0.013153522537331885,0.6859991406326683
[4.4090724],5.733941251477087,[0.08646017],[0.02189749],[0.932248],0.013978922751075469,0.7275765207094756
[4.210273],5.391513032606127,[0.07755097],[0.02082206],[0.93872136],0.01321448664300203,0.7022173730774812
[7.5003705],9.21191194021297,[0.21719266],[0.03682674],[0.76293105],0.02252179638308856,0.9996246475932472
[4.3904533],5.560911830533091,[0.08165167],[0.02158619],[0.93394345],0.013659796697642715,0.7215449989075714
[7.487846],9.20478243710059,[0.21683013],[0.03675401],[0.76322925],0.02250808480936167,0.9994404523147339
[7.352925],9.00974085630944,[0.20778082],[0.03609485],[0.773494],0.02203121921651904,0.9935013903351669
[7.352841],8.95466470044864,[0.20547767],[0.03616245],[0.7776468],0.021876583423103547,0.9889771767522331
[7.4297876],9.071053092746496,[0.21075112],[0.03651343],[0.77096933],0.022170573046114545,0.9940384710010266
[7.5210056],9.224477249675733,[0.21782888],[0.0369462],[0.76242137],0.022546557886955625,0.9999198493440012
[4.536568],5.6913767586744495,[0.08570814],[0.02243148],[0.9307764],0.013942031864233432,0.7419577289447302
[7.4858704],9.203674196394552,[0.21677369],[0.0367425],[0.76327777],0.022505988896424186,0.9994155906010512
[7.5014224],9.212530177984409,[0.21722403],[0.03683282],[0.76290524],0.02252299641617394,0.9996400490496745
[1.9854629],2.721135988874185,[0.0051046],[0.00955792],[0.97719944],0.0063945396703488306,0.5171269535297985
